,customer_id,convenience_dim_seg,quality_dim_seg,health_dim_seg,price_dim_seg,convenience_dim_score,quality_dim_score,health_dim_score,price_dim_score
0,60622933,M,M,M,M,57.23741986,58.45533551,46.04519908,56.25627771
1,116318566,M,L,M,M,55.04328705,36.84726313,49.92324438,57.52592204
2,290772182,M,M,M,H,51.41604404,46.39856098,48.04604261,66.43640205
3,97514036,M,M,M,M,53.41819109,57.84885987,51.32006634,62.29852636
4,346208265,H,M,L,M,59.66130955,57.54805024,48.7005217,62.30805139
5,330734391,H,M,L,H,58.6576529,46.15436094,47.12982454,65.54876078
6,171756886,H,M,M,H,68.49613778,57.60889843,49.21265545,64.26197158
7,291077954,H,M,L,M,64.22331302,54.27003034,46.63898452,59.48301385
8,146745393,L,M,M,M,38.82962424,49.24613587,52.63301882,59.90882007
9,87442666,M,H,H,L,52.8513026,72.24679294,55.33008272,54.59578665
10,203634936,M,L,M,M,55.83852452,44.48221685,50.41262338,58.83450212
11,271434453,M,M,M,L,55.056643,58.66826173,51.07021886,55.14856821
12,93109022,H,M,L,M,55.7687925,71.2231783,48.00103876,60.04788812
13,101635016,M,M,M,L,52.20408783,62.2371108,47.62931827,55.53493875
14,76590745,M,M,M,H,52.27650851,52.84635672,52.57802866,68.31634988
15,203079647,L,M,M,M,41.64633902,62.41255414,51.43592799,57.29253168
16,148128772,M,M,M,M,56.72352173,61.79167581,48.12371517,58.9256112
17,420100185,H,M,M,M,59.97076542,73.7939092,52.67555516,58.48803376
18,147172384,H,M,L,H,61.59244837,48.48186786,45.70190856,67.57483188
19,147973579,H,M,M,L,57.22542554,62.84385781,48.74145123,58.30431756
20,146658560,M,M,M,M,57.70778654,58.12944041,46.2295999,59.56492584
21,160925328,H,M,L,H,59.49055026,48.89212695,45.39350668,61.6798028
22,116292638,M,M,M,M,51.429404,67.94092041,53.79044173,58.99205448
23,103135723,H,M,L,H,64.75326607,44.74524365,45.11797641,65.50470936
24,89907732,M,M,M,H,52.57437946,58.34801741,52.97427019,64.70606112
25,147999034,M,L,L,H,52.61803087,44.18083433,46.07409126,61.77120344
26,258673068,H,M,M,H,64.02471534,54.83194817,49.13172079,66.37482236
27,330766351,L,H,H,L,40.13457821,100,59.68281073,57.2841714
28,100644846,M,H,L,M,51.46438969,75.86233115,48.67050374,56.88435353
29,147137483,H,M,M,M,65.43374311,52.24979406,50.63712619,60.729134
30,147681015,M,M,M,M,52.15823227,48.24876122,50.74290252,60.58217057
31,118699030,H,M,L,M,65.30009908,61.54834005,46.44165512,56.62643455
32,98659298,M,M,M,M,50.41016547,71.15416626,50.53731428,62.20147515
33,15389609,M,M,M,H,48.44725574,43.3031405,48.28047249,68.90943419
34,87470635,M,L,M,H,53.56392734,45.37369612,50.76544389,68.41418863
35,129779767,H,M,L,M,60.60446852,59.58816934,43.66908594,57.76705492
36,97661139,M,M,M,M,55.38004774,60.75314684,52.08591303,56.68911716
37,149313113,H,M,M,H,62.37097955,51.88142226,51.28395909,68.15286084
38,298875991,M,M,M,H,57.55452274,60.51465776,49.41823396,61.6050527
39,148037354,M,M,M,M,56.25341602,69.17587385,53.25566284,60.21062785
40,264757373,M,H,M,L,45.70232825,77.38366166,55.56919157,53.93063357
41,226681051,H,M,M,H,64.88047517,55.48500567,48.98584951,68.41589712
42,253177948,M,H,M,M,48.76391613,88.1252477,53.20516184,58.98433994
43,147301841,M,M,M,M,54.40925078,72.59231193,50.94648402,57.41299613
44,89496220,M,M,M,H,57.28542675,56.6855692,47.87937079,66.3399502
45,127017317,M,M,M,H,50.47623523,49.21681636,49.68908178,67.23566481
46,321415359,H,M,M,M,60.11736018,62.70304026,48.69625256,59.65232749
47,148138324,H,L,L,H,61.33719738,41.7409565,43.70375987,68.80728683
48,148376640,M,M,H,M,50.38043782,66.00393177,56.68783051,57.71793346
49,293768769,M,M,M,H,52.30783425,58.79938737,49.68127513,70.9671887
50,304379148,M,H,H,M,48.45117497,79.61400323,54.51538149,60.07093357
51,149384827,M,L,M,M,55.08563494,41.65646845,47.26286348,58.38630715
52,319884989,M,L,L,H,54.10383822,41.68012318,46.23163162,65.99414219
53,245227458,M,M,M,M,49.13841452,57.69590319,50.19824462,61.10217147
54,92676280,M,M,M,L,52.06601251,57.89763574,51.05259771,52.54643835
55,160925243,M,H,H,M,47.66453583,84.04386415,53.95752772,56.09530618
56,329906861,H,L,L,H,69.94922015,43.51956124,47.69309633,64.58510481
57,249058689,M,M,M,H,57.93118324,51.41471307,49.59956874,68.2838548
58,111457126,M,H,M,L,46.47304673,100,50.54608716,53.1688081
59,64906407,H,M,L,M,57.89865905,55.53787034,47.93174282,57.9041676
60,146924531,M,M,M,H,52.19526888,59.51420651,49.15852078,67.19982568
61,329473366,M,M,M,M,54.48383563,70.05977337,53.0585064,57.20192068
62,303627301,M,M,M,M,44.15295301,70.12474614,52.24850883,58.51783873
63,325076029,M,M,L,M,52.26658962,60.39052884,47.00430995,62.51819517
64,304444573,M,H,M,M,53.7908313,74.73102739,51.35647359,60.5016657
65,92267703,M,M,M,M,53.31251924,70.30611185,50.69786638,57.61175755
66,148137996,M,H,H,M,45.03860861,76.98819446,57.97857561,61.44930756
67,92742297,M,M,M,M,47.90976556,58.76204569,52.13998398,61.41365129
68,341202491,H,M,M,H,61.57439272,56.94573795,47.9388381,64.29057644
69,68290976,L,H,H,M,38.79744593,86.43161208,57.56550409,56.25884411
70,96735292,M,H,H,M,48.9311791,72.86198784,55.62187797,57.75136892
71,322189644,H,M,M,M,58.63131135,52.76678923,47.81735029,59.2618717
72,129646926,M,M,H,M,54.96295434,70.28208777,53.18634535,59.06735347
73,147088897,H,M,M,H,62.08388855,55.43602989,46.26215459,63.51024757
74,146831640,H,L,M,L,60.56719002,47.10292597,49.74504414,54.5427381
75,111718584,M,M,M,M,51.47402977,63.67281442,51.69770185,58.98287247
76,273473861,H,M,L,M,56.42428938,42.96663845,45.11431562,63.52292506
77,239848545,M,H,M,M,53.30895323,75.18868551,52.12479379,60.78923075
78,148523583,H,L,L,H,61.99444851,37.06030023,42.71165987,67.21092751
79,89385231,L,H,H,M,36.0548308,100,61.5418848,60.27699041
80,13878281,M,M,M,M,48.47352507,66.47901345,52.04694031,58.22398635
81,208284233,H,M,M,M,64.72696905,50.30830207,47.01415605,58.25079596
82,15281343,M,M,L,M,57.27195733,68.89048428,44.83316911,58.70309443
83,107785717,M,H,H,L,52.31827441,96.23593362,54.10946408,58.24728377
84,139517681,H,M,L,H,59.11387411,48.84299887,46.33820055,63.187919
85,149063763,M,M,M,M,54.58974772,70.41984398,52.41976719,60.98247642
86,195814465,M,H,M,M,46.74566234,75.34657427,54.05778969,60.08819097
87,279690115,M,H,H,M,56.42133518,80.22891267,54.62848696,55.28247485
88,189357355,M,L,M,M,55.66282734,43.12091901,46.72174392,61.47402004
89,220909134,H,M,L,H,60.44810194,51.59925877,46.48306553,67.72625228
90,314219186,M,M,L,M,52.12902748,45.64199947,46.53931985,63.52326498
91,146582488,H,M,M,M,60.96555485,61.493491,49.90678547,60.64986475
92,147651273,M,M,L,H,54.2748206,55.10050949,48.38158442,70.17829244
93,101823540,M,M,M,M,50.8322662,59.94781126,49.794616,57.93935628
94,102216134,L,H,H,M,27.61853522,100,61.73087423,56.53820089
95,146906017,H,M,L,H,59.63293515,46.21342708,44.55990075,72.02710046
96,234781370,H,L,L,M,61.95548035,47.26361683,46.98004854,61.39707908
97,148531165,M,M,M,H,54.22905173,55.11441385,48.12470632,65.66019284
98,266402922,L,H,H,H,42.21724306,72.39411795,52.50581634,65.88511857
99,104596323,M,M,M,M,54.00216831,68.98472507,52.17580442,61.1852827
100,245217945,H,M,L,H,61.2071116,46.88834101,45.12022748,72.91304427
101,100055809,L,M,H,M,46.48359562,61.19782093,55.9876977,62.26338448
102,147265602,H,M,L,H,61.53004134,57.40621346,48.26978536,66.28874266
103,147902496,L,H,H,L,43.1709093,84.03417107,55.97000173,50.83428061
104,105941434,M,M,M,H,56.16551064,62.92452247,49.8463819,64.80754929
105,228501972,H,M,M,H,63.99585588,58.49666786,46.29367876,65.17215737
106,93854512,M,M,M,M,57.47031882,55.71095496,48.78268197,58.95837019
107,309637950,M,M,L,H,55.08429341,48.01203208,45.85682404,65.08426212
108,15740081,L,M,H,M,46.11363012,60.73130554,52.48371662,62.39268137
109,148906897,M,M,M,L,51.47774516,68.72565191,50.71992936,55.46465686
110,311941933,H,H,M,M,62.45028243,69.05705816,51.74604807,57.90878363
111,287156086,M,M,L,M,54.52793875,65.54473214,48.47618294,59.37803414
112,100295404,M,M,M,M,56.59789376,56.71200517,47.74278758,59.08512895
113,147927920,M,M,M,M,53.42619567,67.92721142,50.38511045,57.47372627
114,223722176,H,M,L,H,61.61192156,60.75382704,45.93350402,64.01484615
115,89223992,H,H,M,M,61.45741556,71.50859829,51.47551312,59.35325837
116,7420205,M,M,M,H,57.00732615,58.21494295,46.86966702,65.12766257
117,13262585,M,M,M,M,56.29021137,62.05468321,50.30480128,63.88351355
118,147073466,M,M,M,M,55.94809727,64.41586298,51.88953105,59.84299402
119,287555529,H,M,L,M,64.67871738,51.04303117,45.62665642,57.82631744
120,17467195,M,H,M,M,56.13560147,78.56736516,51.96305078,62.06208428
121,22018951,M,M,M,H,55.35100731,61.84866973,49.10336537,65.416592
122,345846428,H,L,L,M,61.44469201,39.39003651,45.95661654,64.31129117
123,115034391,M,M,M,M,57.61561307,60.2240719,48.94165321,60.63932577
124,147039760,M,M,M,H,54.91644864,46.21519074,47.11427556,69.12608755
125,264483920,M,M,M,M,55.12665598,64.74044533,49.64312516,59.45734881
126,98618264,H,M,L,M,56.74953181,51.21380619,46.52684476,62.0948076
127,252264080,M,L,M,H,51.7161839,45.7169492,50.02086432,67.5755684
128,147723099,H,M,M,M,61.91098918,70.26542214,48.06533247,56.50051805
129,108336876,M,M,M,M,60.15364964,56.15312843,46.45307977,62.06588419
130,325547821,M,H,M,M,56.25503082,70.84186891,49.09128866,57.81785298
131,300630621,M,M,H,M,56.54461274,65.09241445,52.61937154,61.46523242
132,339823136,H,M,M,H,64.00469149,52.0212263,48.89616303,67.9002017
133,260367799,M,M,M,H,53.16684338,57.00810599,49.50719848,64.37555085
134,148068109,M,H,H,M,48.06084029,74.43830462,56.56227102,57.29768596
135,147950954,H,M,L,H,65.20396832,53.60472209,45.44213526,64.34789661
136,250970349,H,L,L,H,65.83359049,18.45780111,43.95093617,73.45280586
137,310047503,L,H,H,M,39.12914835,77.8700968,54.7884693,56.86300636
138,317050252,M,M,M,H,54.9178992,53.77600687,52.3441663,62.6944658
139,322176195,M,M,L,H,58.06893175,49.47425632,44.65479154,66.30340678
140,98573056,L,H,H,M,40.37762726,100,56.65005441,60.17434282
141,277107317,M,L,M,M,54.86261698,42.04471802,51.39673244,60.06756748
142,289064033,M,M,M,M,55.80799993,54.1284251,49.75451264,65.37041881
143,102656565,M,H,M,L,57.28891063,75.30370784,52.62421629,53.19286817
144,319567419,M,M,M,M,54.38507228,52.92112224,49.07282571,56.16656481
145,300634599,M,M,L,H,46.81453426,47.81141119,49.28928169,65.13184065
146,147747424,L,H,H,M,44.82953983,76.08479142,55.30234928,59.65060435
147,97697728,M,M,M,M,53.53882705,53.97300023,48.34674326,60.10109583
148,190462690,M,M,L,H,58.8781321,54.5021291,46.26327142,65.58378485
149,101984067,L,H,H,L,38.39162269,80.02490298,58.38325904,51.13782961
150,89364929,M,M,M,H,52.49651168,55.43268806,50.70907793,71.70945942
151,107555554,M,H,M,M,47.18965531,83.41092638,50.61773202,54.74962205
152,108152750,H,M,L,H,61.21801722,61.32866965,46.21459296,60.97866945
153,312690874,L,M,M,M,28.76651039,67.21708464,56.47384489,60.63654906
154,257926672,M,H,H,M,45.46562203,92.49657902,59.37310689,58.49759372
155,124846791,L,H,H,L,38.86459491,78.25169608,51.81236274,56.34954935
156,304001046,H,M,M,H,63.61183958,51.41752064,49.69698537,64.53232245
157,104951043,H,M,L,H,55.71938965,51.77512869,49.15746398,62.79924396
158,216038677,H,M,L,M,64.9166767,58.62659659,46.23343569,62.00910204
159,294449043,H,M,L,M,61.03328498,62.98124915,49.37763882,60.17329848
160,74430848,L,H,H,L,39.56179294,95.67459581,56.06162563,52.36422567
161,147060478,H,M,L,H,60.57572317,53.79360199,48.8955045,67.46996849
162,127011450,H,M,M,M,59.78686523,60.09674943,49.05777887,55.96147981
163,342350374,L,H,H,M,40.52043947,90.6144421,55.65458904,58.50944207
164,125189926,M,M,M,L,53.64425003,72.90800423,54.03630681,53.47842691
165,129368054,M,H,H,L,51.05051231,80.27033406,57.63336143,54.16464295
166,201717097,H,M,L,M,69.25298161,51.015161,49.16766927,62.65002093
167,180340520,M,M,L,H,57.38321853,51.81149568,45.2449706,64.37717098
168,123858091,M,M,H,M,58.84452216,68.31806114,53.04144683,59.51671968
169,201462277,H,M,L,H,61.67323154,52.68264946,46.07439587,66.27074405
170,55803090,M,M,M,M,49.00845705,67.16356092,51.91023108,58.97634625
171,148747244,H,M,M,M,57.23642292,71.92021808,53.51872526,59.85126911
172,145673785,H,M,M,M,60.86592453,55.88982224,46.44141534,60.73609697
173,149405324,M,H,H,M,42.86782467,99.9401118,58.79248997,57.16113072
174,343859460,H,M,L,H,60.43014342,59.9595045,48.04877803,67.12814992
175,101857474,M,H,H,M,48.69546962,100,57.68720243,63.72910269
176,293457056,H,M,L,H,55.25583877,55.12369693,45.55350394,66.62623502
177,96108528,M,M,M,M,53.34486304,66.11871045,52.27520169,59.62169884
178,146630041,M,M,M,M,53.64280424,64.40657907,51.12959246,60.09819076
179,93983315,M,M,M,M,47.02628682,72.01856841,51.28924764,63.63726771
180,308847130,M,L,L,H,54.37770272,27.58939658,47.43588624,65.15218105
181,107868364,M,H,M,M,49.61119214,74.11797672,54.84423632,57.92922115
182,299205146,H,M,M,H,56.89214794,49.7544117,50.6164521,66.69034207
183,304751677,H,M,M,M,60.92107808,53.90904211,46.30509333,62.45862932
184,338117000,M,M,M,M,53.39282752,59.35381839,49.45768977,59.28267108
185,102692126,M,M,M,M,50.62575811,69.78082269,51.74528242,56.90410822
186,346181039,M,M,M,L,53.22024115,63.46538949,49.33478599,54.58315602
187,258298604,H,M,L,M,58.83799129,48.96143912,43.12025289,57.43699627
188,94764794,L,H,H,M,35.23503373,90.26503072,58.55002496,61.56814292
189,234226093,M,M,M,M,48.39409649,54.26193168,53.98843531,63.05474938
190,187309106,H,M,M,H,58.37375986,53.28949264,49.66538341,63.15674419
191,97633686,M,M,M,H,54.06385193,61.04153127,51.66860519,64.52750766
192,146591124,H,M,M,M,56.90973569,59.04548242,48.42337757,57.15972097
193,147238766,M,L,M,M,52.61160667,30.65016341,49.48157806,58.50232468
194,148981320,H,L,L,H,58.98687205,24.12627459,44.9462836,68.76555584
195,275654199,M,M,M,M,48.10027011,55.89459051,51.46721428,60.07076269
196,147152179,H,L,L,H,64.26716034,45.98527342,44.74277929,70.56857778
197,108131684,M,M,M,M,58.93966217,61.9575981,50.50480872,58.00481819
198,147272973,H,M,L,H,60.18777322,50.72368765,45.87750098,68.33792829
199,302646110,M,M,L,H,55.54632642,45.50842644,47.14343035,65.47521947
200,230499175,M,M,M,M,54.51056572,52.81895745,50.51700503,57.33363956
201,149400313,H,M,M,H,62.54887095,55.85709126,50.51718079,72.73740578
202,147996319,M,H,M,L,48.78427899,70.74646088,52.65478529,56.04507633
203,147762524,H,M,M,H,58.03233221,50.54857544,49.97411358,64.82028149
204,14991101,H,M,M,L,59.54706666,63.76397465,48.29707428,54.64381011
205,329910920,H,M,M,M,64.06464675,58.51393895,46.91438777,60.33086263
206,268676347,M,M,M,M,55.03720625,58.92699993,52.29891775,62.1611912
207,202796551,H,M,M,M,60.52903824,65.30872088,49.11696322,59.26564318
208,240153865,H,M,M,H,64.60236161,57.46346026,48.45962563,70.70795205
209,321414171,H,M,L,M,63.66289517,53.29108981,46.71015196,63.42153661
210,147372691,L,M,H,H,34.89116087,70.63131322,51.82740245,66.37526573
211,108382862,H,M,M,M,63.62369902,61.61266176,52.64326071,61.70093988
212,247243256,L,H,H,M,42.0749603,72.95219856,55.2257357,59.9411081
213,134472530,M,M,M,M,49.58896174,60.51133196,47.384135,54.87476638
214,294455589,M,M,L,M,56.43171866,62.56336308,48.05633412,60.77051807
215,86894937,H,M,L,H,65.32020086,52.0208007,45.84230292,67.77496139
216,266408328,M,H,M,H,50.30810986,83.63226339,51.75203937,68.70869389
217,272746719,M,M,M,M,52.50644522,60.79125099,49.69585681,59.73575669
218,149241246,H,M,M,M,64.16324258,60.33500664,47.72841013,65.16732593
219,146760216,M,M,H,M,47.39264868,72.32164061,57.46936024,63.05314992
220,146694812,M,H,H,M,43.48739215,89.16203353,57.15802691,56.52995875
221,265758802,M,M,M,H,55.96385408,50.99559658,51.81126271,65.18056215
222,329910887,L,M,M,M,41.59444789,71.37273759,53.56401509,59.02791509
223,335431332,M,M,L,M,59.30315467,60.77462017,45.31894205,60.26889734
224,106751630,H,M,L,H,69.54646971,49.50413586,43.35564772,66.3304247
225,148069224,H,L,L,H,57.78842273,39.11116543,45.84765831,66.95045676
226,200920724,M,L,M,M,47.14099365,33.40691773,52.81200269,60.72396656
227,173285410,L,H,H,L,42.22448923,81.1003848,59.85902979,53.70739304
228,329034347,L,H,M,L,44.44936422,93.59054349,51.26435007,53.57577524
229,43263159,M,M,M,M,52.1056566,65.17191762,49.30508134,58.96739887
230,96507346,H,M,L,H,62.70955528,49.96874984,48.01621403,66.89208848
231,146782840,M,H,M,M,49.13804139,79.83583815,50.43044043,59.523262
232,146528897,M,M,H,M,46.54890753,65.85042511,55.13066861,59.75371035
233,125537466,M,M,L,H,56.3171439,51.07338965,48.15133067,64.56613009
234,103512900,H,M,M,M,58.63456816,43.42686814,46.76281913,61.18204244
235,128271926,M,M,L,H,54.77111795,52.0134961,47.10239753,67.80685911
236,147161265,M,M,H,M,46.49836622,71.29330932,51.66229548,60.96349015
237,102004381,M,M,M,H,49.0669547,59.64573601,53.97052428,63.32961997
238,264402262,M,M,L,H,55.90847189,52.61467513,43.18284857,76.72393154
239,147164522,M,H,M,M,53.14678574,73.62892662,51.31791431,55.76831701
240,343486796,L,M,H,M,45.74604439,57.10135696,52.24521129,57.44110685
241,295787398,M,M,M,H,56.76320111,68.3342425,47.96174637,63.18778161
242,14646843,M,M,M,H,49.63949444,71.41271434,53.29425575,62.71315763
243,249385432,L,L,M,M,41.92542633,42.37702065,50.66264818,62.71434983
244,148153509,H,M,L,M,62.61761359,60.46472756,44.85616292,59.78921527
245,15556087,M,M,M,H,53.69780292,67.26395846,51.83645335,63.34471336
246,101028853,M,M,M,M,51.78413514,61.59213182,51.55322077,57.53203057
247,328180802,H,M,M,M,57.12117109,60.40618091,54.55898583,64.31173778
248,148695259,H,M,L,H,66.01776508,52.64237917,46.30061892,63.98449967
249,123331835,M,M,L,M,54.86852338,50.26790469,48.51500352,62.96898917
250,174826932,M,H,H,M,49.64143302,88.22132436,55.58117086,56.60164783
251,337812694,L,H,H,M,37.71961842,80.73031929,61.35507567,59.45660377
252,101870779,M,M,L,M,57.18494872,51.02950808,44.93983193,59.90160382
253,118088840,L,H,H,M,41.7444777,100,57.34938021,59.2046215
254,268673510,H,M,M,M,60.46997573,69.0152249,46.6033466,61.09122798
255,166085950,L,H,H,M,43.96684352,82.85037842,58.67873626,58.33662485
256,94014455,M,M,M,M,49.51448794,65.13692447,50.59212674,57.04523844
257,276001716,M,M,M,M,58.29573478,62.38138796,47.41933871,60.6561684
258,272440857,M,H,M,M,48.68097682,80.24480349,54.44781939,59.32276634
259,127848665,H,M,L,M,61.59058904,68.47899108,44.60466338,59.11943522
260,120478017,H,M,M,M,59.68447747,67.59116531,52.37493232,59.02627929
261,89257895,M,M,M,M,52.35720828,59.16270261,48.959597,58.06249025
262,270803792,H,M,L,M,69.19382524,46.40514399,43.81455648,62.77131109
263,184571359,M,M,M,M,54.79727766,55.05783005,48.52468457,58.57026412
264,98680150,M,H,M,M,49.25734625,92.28448916,54.16094667,61.10484007
265,227442770,M,H,M,L,47.35714553,74.71972262,53.70323647,56.51663194
266,299207048,H,M,M,H,59.48292829,50.22200976,46.94533705,65.29291783
267,341591983,H,L,M,H,62.50354406,37.67957923,47.24893634,71.39939031
268,108857000,M,M,M,M,52.29612654,60.27666418,50.21409936,61.9996723
269,124513431,M,L,L,H,53.82744991,40.50932441,47.05617285,65.17339206
270,147945890,M,L,L,H,60.60181483,29.17449536,45.32812029,70.69268051
271,148107395,M,H,H,M,56.99181427,82.4568351,55.25583045,56.60428679
272,124577990,H,M,M,H,64.91133814,62.43583212,52.70617266,66.89712578
273,195876915,L,H,H,M,42.83545935,81.44770955,56.96287511,55.40405457
274,259445720,L,H,H,M,40.65550271,72.57532107,56.21242247,57.46910373
275,96656340,M,M,M,M,50.19802003,57.18767943,50.80419874,62.63471431
276,312840730,H,M,M,M,58.79225879,58.27808574,46.88938523,60.82342302
277,194081576,H,M,L,H,64.5579452,50.20325987,41.22875212,61.72453592
278,14970968,M,M,M,M,52.16694158,61.60798113,49.35927314,58.50745482
279,230347146,M,M,M,L,59.7339675,61.13515372,48.25843664,55.11443573
280,148755492,H,M,L,H,59.92725866,50.59177165,43.75332667,70.27310907
281,294484845,M,M,M,H,55.16158231,50.33627833,50.52646099,67.3563255
282,264114235,M,M,M,M,59.14856423,71.54575791,51.13428557,61.25036966
283,108389443,M,H,H,M,54.16651585,77.42277884,55.29117633,60.14227945
284,132737705,M,M,M,M,51.66541055,50.15113742,49.61781673,65.34897854
285,78129532,M,M,M,M,47.84557878,68.91235633,55.31943163,55.23342679
286,106719832,H,M,L,M,65.20255387,60.21004422,47.28115901,58.50400174
287,335032988,H,L,L,H,60.63799141,23.37514464,42.60385394,68.47779875
288,193309736,M,M,L,M,57.74408566,64.1976634,46.91345879,60.32540691
289,147252002,M,M,M,H,60.00196932,65.88339426,49.9887189,61.93355212
290,148358742,M,M,M,M,54.25603346,67.79093921,50.50414729,58.51370621
291,269313425,M,L,L,H,61.03862116,37.1718112,44.2177717,66.27748584
292,263107933,H,M,M,M,61.40264816,49.95590154,48.25490833,59.60797792
293,265096775,M,H,M,M,56.64039002,75.8682103,54.40083786,58.63547199
294,147462153,H,M,L,H,62.17997103,57.47417748,47.95976758,70.168477
295,220601816,H,M,M,H,59.75211002,52.58320982,48.71190257,64.68748275
296,146769909,L,H,H,L,43.28240207,100,58.88305851,54.3032559
297,201982820,M,M,L,H,51.82322548,43.61496452,45.50480532,72.75319009
298,147684489,M,M,M,M,53.62770398,68.1575008,47.94311104,60.52122229
299,324634270,M,H,M,M,56.94456631,74.92991611,48.86720687,57.07930272
300,87897706,H,M,L,H,56.92299834,49.72855013,45.11926673,61.27598338
301,158086855,M,M,H,M,57.75949002,69.33390334,54.15961642,54.71810905
302,91508862,M,M,L,M,55.28365388,62.61347392,44.99153198,56.91388813
303,319221260,H,M,L,H,59.49688928,50.27420555,45.74803013,67.0008063
304,303640094,M,M,M,H,50.175455,67.1533428,53.53857158,65.14013261
305,147871648,H,M,H,H,61.21557941,59.67222111,54.69765639,66.68417417
306,101203757,M,H,H,M,55.24605781,88.0701261,51.44542499,56.2077307
307,89615672,M,M,M,M,57.42780273,62.84688657,48.89724863,56.31351661
308,158720993,H,M,L,M,63.3600641,45.38464165,45.94675934,58.07125025
309,260740845,H,M,L,M,71.1600464,49.80363842,42.96096893,60.0067735
310,308787324,M,L,L,H,56.18555781,45.26149628,44.63333889,69.16935459
311,149163486,H,L,M,M,61.3930049,41.97388536,45.31719179,60.40450846
312,295130479,M,M,H,M,44.18265571,67.03203577,54.56038846,62.12394831
313,105216055,M,H,M,M,45.95867744,76.61663798,53.95844552,58.53379148
314,245790468,M,M,M,M,45.05522296,70.07117024,53.3683259,60.02192887
315,274141903,M,H,H,M,48.59185637,73.25636237,56.06940854,59.74520892
316,200922233,M,M,L,H,52.03868835,50.49288771,46.48086341,66.31778471
317,96809834,H,L,L,H,63.09997377,42.93800906,44.67976372,73.74681514
318,103481785,M,M,M,M,57.14100681,64.5705012,50.60546396,59.0423391
319,341973270,H,M,L,H,64.85365258,45.16527228,44.18251765,67.53444101
320,309215329,H,M,M,M,58.49690474,51.50129942,46.68469904,61.74144606
321,333862099,H,M,L,H,61.92157577,49.36362601,42.36339014,66.00000323
322,146958262,H,M,M,M,67.84256146,65.6194368,48.48492279,60.11823949
323,328601274,H,M,M,M,62.36675057,57.46777781,47.81833215,60.88722003
324,102473624,M,H,M,M,52.83003117,74.28930486,50.07915657,57.31959121
325,236227642,H,L,M,M,60.81466784,35.03502752,51.11114461,61.32050369
326,204512316,H,M,M,M,62.63127551,54.7669617,51.23989281,64.78118163
327,160127352,L,H,H,M,41.64233784,72.33241382,57.65850813,58.54609047
328,101913708,M,M,M,M,53.83412383,64.99715043,53.78974016,59.19832402
329,87876304,M,H,H,M,44.17016915,82.63458647,59.01918245,62.239782
330,146749305,H,M,M,M,61.23214811,58.80816187,47.79354924,61.03823284
331,15327841,M,M,M,M,60.08004977,54.65930996,45.62352675,61.81378321
332,147882809,M,M,L,H,58.86292379,49.9793257,48.35827507,67.49859627
333,90165728,M,H,H,M,54.88037769,76.61148928,54.8432665,60.92717727
334,128062453,M,M,M,H,52.45251935,55.63555916,52.88921856,63.75939999
335,148017146,H,M,L,H,57.99443705,49.06933729,46.35122772,69.86054866
336,268352766,H,M,L,H,58.8578632,44.45168002,45.4726766,67.96128857
337,147251692,M,M,L,H,58.64975989,48.6363743,44.39751866,69.86195964
338,180344700,M,M,M,M,49.95936582,68.91468396,48.44532373,57.36273911
339,100285709,M,M,M,M,48.50108135,55.51758258,52.78341076,57.55633694
340,146933985,M,M,L,M,57.89237145,57.22755975,49.93577267,58.0780092
341,183661033,H,M,M,H,57.86447307,55.44103521,47.78391638,64.61414919
342,120219428,M,M,M,L,58.82489205,64.11606195,49.44163558,53.05254756
343,258677588,M,M,M,M,57.00568985,64.27428653,45.37919399,57.40011485
344,119194639,H,M,L,M,68.09137552,56.08006691,44.73619797,60.101165
345,138760562,M,M,M,M,49.87408028,71.97561035,50.84002449,57.90320651
346,105846720,M,M,M,M,55.97539192,65.28747643,49.57322374,57.85348455
347,224335638,H,M,L,H,62.34811552,64.38280043,47.32198497,66.53637693
348,295788088,M,M,M,H,51.98994251,47.88896557,51.48434898,73.44508919
349,149040488,M,M,M,L,56.03363936,63.30112297,48.75267724,53.54645518
350,267060208,M,M,M,M,57.88848711,50.49045987,46.04207159,59.23195858
351,146937577,H,M,L,M,67.50240323,57.30513865,46.36826538,57.58635719
352,102715209,M,M,M,M,52.47318508,72.0594501,52.26974524,55.67821781
353,22247243,M,M,L,M,56.44228549,58.94605438,45.63051577,57.64145297
354,320290460,H,M,M,M,65.20140214,65.34560009,49.56855683,56.41780418
355,132063262,H,M,L,H,58.72522342,54.71555427,47.82956064,69.03078778
356,148626446,H,M,M,M,57.01740599,55.69649506,47.47342652,59.50205616
357,106364659,H,M,L,M,62.8791718,54.00089383,45.41110627,62.13193868
358,107346418,L,M,M,M,44.5573282,45.08538421,50.54023507,60.56045619
359,89591315,M,M,M,M,55.93275847,62.55698654,50.65088695,61.13336758
360,337788637,M,H,H,M,50.70658001,71.32698889,60.82764238,61.0630941
361,147267467,H,M,M,M,61.77890985,54.40164764,46.91293545,63.88642301
362,341980390,M,M,M,M,56.9321189,51.92935166,51.66430667,61.5724486
363,88996964,H,L,L,H,57.00058604,38.26756722,42.83116961,70.01398037
364,255182189,H,L,L,M,64.02561202,28.60206627,45.3926909,64.29738552
365,263782916,H,M,M,H,57.50307104,62.83684348,48.91603987,64.73059303
366,325506036,H,M,L,M,59.28673067,54.27483074,46.42728125,60.89359823
367,186494644,H,M,M,H,59.41141698,46.83861723,47.06897552,72.99736628
368,247242946,M,M,M,H,47.05830958,55.06273712,48.40267424,73.22514663
369,202284409,M,M,L,M,52.77994961,51.06318224,47.73243593,57.6178353
370,322943685,M,M,M,M,50.93331593,70.17466107,50.93463563,58.03768103
371,230893289,M,H,H,M,46.54403309,100,54.78908555,62.66362928
372,128237051,H,M,L,H,64.42191811,57.22896792,42.90033431,67.31676891
373,329473860,M,M,M,M,45.37256206,63.88355514,53.17523957,61.64132786
374,100166566,M,L,L,H,55.02070175,33.65047218,47.79620111,72.77902077
375,245779752,M,M,M,M,54.21560427,56.60020695,47.34757844,58.68501088
376,258668591,M,M,M,H,51.20015984,65.40920199,49.70151645,65.32593769
377,149246708,M,M,M,M,48.14809998,56.97738535,48.87503791,59.15728676
378,120213950,M,L,L,H,54.90821749,44.6377906,48.24217693,65.65873882
379,345399021,M,L,L,H,60.2193127,41.25268575,44.06751804,69.09712198
380,103315366,M,H,M,L,45.86874332,88.81044755,55.10578412,56.9187283
381,17359853,M,M,L,H,59.83144703,64.57572177,48.15391976,67.24185069
382,12551620,M,M,M,M,55.64074741,56.38951927,47.79854164,61.08191568
383,288714950,M,M,M,M,51.71674373,55.91050873,48.88984582,60.00546353
384,14595593,M,M,M,M,57.83783082,68.39819944,52.32050418,59.55423712
385,108334485,H,L,L,H,61.51280259,45.73508801,44.3548805,67.311602
386,149219549,M,M,L,H,48.71516118,48.53792771,48.10106728,66.58924557
387,93821961,M,M,M,H,53.47081692,57.9402651,54.0087971,68.78727309
388,86927514,M,M,M,H,56.74577346,53.51704275,51.66047012,66.17640836
389,91777327,M,M,M,M,45.27562383,62.04944413,52.21884571,58.114398
390,146865777,M,H,M,M,55.50139798,81.64381937,52.47204076,58.40611642
391,100451536,M,M,M,H,50.29050689,52.87653816,48.12282347,66.99406408
392,209650318,M,M,M,H,51.69724514,56.79703523,48.7963148,63.68147069
393,103797658,M,M,H,M,44.95860072,64.4756354,52.93438597,60.54584413
394,147457549,M,M,M,M,60.23439541,64.89983755,47.50163862,54.99973948
395,262536475,M,M,M,M,49.80097062,49.08955349,50.54460716,59.86965613
396,147696422,M,M,M,M,56.61513711,52.10533066,48.51575031,59.07394696
397,17179857,M,M,L,M,53.53511675,53.88930682,44.34053376,59.30348276
398,205913975,M,M,M,M,50.10649515,63.9225569,54.09752473,61.1090077
399,332386559,H,M,M,M,56.81857821,68.45667576,50.79825312,59.91117105
400,96254537,H,M,M,H,60.50901571,52.96180196,48.47878934,64.87415874
401,49665091,H,M,M,M,60.27017432,62.36598687,47.76468052,62.91320335
402,527500125,M,L,M,M,59.72520757,41.37708076,46.1056717,64.40228731
403,148141669,H,M,M,M,65.25202305,52.81113477,48.56695477,60.25364586
404,290732693,H,M,L,H,72.57780739,51.86725506,45.00591101,67.62808141
405,1184500093,M,M,L,H,58.68219359,51.9765199,47.09884008,62.81991833
406,99816441,M,H,M,M,43.3058018,78.7235051,53.81917752,55.58256973
407,340429203,H,M,M,M,59.20937461,63.98157691,50.70958058,60.41883397
408,14642743,H,M,M,M,65.66457767,48.60567183,47.87132403,61.7672285
409,296158912,L,H,M,M,35.68000005,83.70478176,53.59172655,61.45822738
410,137951352,H,M,L,H,64.93212548,47.12081521,44.07162935,71.52134026
411,93822014,M,M,M,M,52.2357914,60.14763733,51.4214983,61.35663201
412,342724967,M,M,M,M,53.61410864,52.62563042,49.47982208,59.70680722
413,1881300090,M,M,M,M,49.52023269,70.76551271,49.90990217,57.28694184
414,185690221,M,H,M,M,53.92518033,87.1961678,52.91844051,58.18142093
415,325057167,H,M,M,M,58.26877433,44.35466733,46.7870231,59.78208513
416,310053159,M,M,M,L,46.43169257,68.37240389,51.0907562,55.97067711
417,247843682,M,H,L,M,50.60174949,71.70330077,47.27524023,57.41261888
418,101067470,M,M,M,M,47.6430533,61.27559549,52.03861039,61.03824878
419,16169290,H,M,L,M,61.89387126,54.76482548,48.36406707,59.69326415
420,320274410,M,M,M,H,46.77703532,55.40375707,52.92010757,67.95816599
421,331193904,H,M,M,H,58.11498824,45.76989868,45.82523226,68.04753214
422,100870102,H,M,M,M,59.43020356,64.07374913,49.0706346,56.90799937
423,251618695,M,M,M,M,53.01411727,70.05823654,49.49437433,58.94714261
424,291901432,M,M,L,M,54.93286609,49.6620403,47.15827787,56.99141735
425,216527574,M,M,M,H,58.45628743,54.49266633,49.1190933,62.50333118
426,346203889,L,H,M,L,38.51106428,89.18537143,56.14819607,57.23290476
427,99357742,M,H,M,M,49.74958948,71.81593043,51.19291234,57.41424175
428,300252806,L,H,H,M,40.56591671,100,59.00129867,57.66079533
429,148181429,M,M,M,M,57.03749946,63.91773938,52.75385494,58.77869041
430,329855547,M,M,M,M,52.64515646,65.65212597,51.47888686,64.22322208
431,301505626,M,M,H,M,51.79618828,50.58623484,54.60956141,65.01365176
432,16190013,M,M,M,L,56.72248582,71.99161526,47.4370407,54.23456809
433,107594420,M,M,H,M,45.90849838,72.66685463,56.27294227,59.59615119
434,15321804,M,L,L,H,57.22421523,39.87181506,43.24591268,73.71904982
435,146915781,M,M,M,M,46.64505545,71.460742,54.85925168,56.43783724
436,341591518,M,M,M,H,54.18781489,56.94215051,50.01006217,65.76289641
437,108258569,M,M,M,M,55.55920592,63.41557957,48.49049627,59.86674284
438,107161331,M,M,L,H,56.66378071,48.98236378,44.15219312,66.22306195
439,329913126,H,M,M,M,57.73148068,61.76105592,49.74885762,60.96439724
440,89540804,L,H,H,L,45.55791196,95.01262706,56.92441712,52.42090935
441,147717919,H,L,L,H,59.95674301,41.70969191,44.94328575,61.60723585
442,98671672,H,M,M,M,57.84526645,72.98910285,51.16482257,60.01621439
443,149000569,H,M,L,H,61.36864657,58.67177118,45.87718144,63.44725753
444,97473295,L,M,H,H,44.31578611,55.30470287,54.09009033,65.63278602
445,196052179,M,M,M,M,48.52366684,60.80969849,51.45053412,56.52690406
446,100600110,H,M,M,H,57.28027733,67.30709792,49.386718,61.74932509
447,127249844,M,M,M,M,61.0079707,68.91946949,48.69692846,57.68698123
448,299535333,H,M,L,H,65.48789566,44.65332973,48.05211091,69.32549928
449,343115385,H,L,L,M,63.85872927,40.41297237,46.32340897,63.31258565
450,93125458,M,M,M,M,56.32845302,54.46559973,50.45099595,58.86383861
451,129603621,H,M,M,M,64.43876755,64.79106498,48.05465914,59.88421279
452,266376553,M,M,M,M,48.65111199,68.12328803,51.07125957,60.39597866
453,101842798,H,L,L,H,61.98348152,43.67924411,45.56240717,63.00018339
454,332004375,M,H,H,M,45.98587893,77.38389145,56.87951791,60.44774671
455,15225733,M,M,M,M,54.95585137,67.29382133,54.45650705,61.06997941
456,158922758,H,M,L,H,63.98352055,52.30659709,45.24935999,66.11344401
457,222539855,H,L,L,H,64.26982877,45.30544957,46.07517207,67.20986725
458,252269910,M,H,H,M,42.48893466,100,55.60336078,58.06923311
459,89659907,M,M,L,M,53.71613568,65.19303661,44.69492528,60.63542575
460,169500349,L,H,H,M,41.62086386,100,59.08428844,54.4584216
461,149290614,M,M,M,H,51.38233401,61.56545155,52.87372054,63.29827717
462,146574957,M,M,M,H,53.22692004,58.17804066,47.3640458,60.86248654
463,148120838,M,H,M,M,51.87286574,80.11475232,50.9189108,58.13776846
464,217226092,L,M,M,M,40.99240745,70.51586463,55.52534341,55.44404492
465,102711775,L,H,H,M,45.65461002,78.15583178,51.50593025,57.94866502
466,101434379,H,M,L,M,60.49591119,54.59514963,44.73687456,63.20825103
467,91814131,H,M,M,M,56.82758756,62.18759805,48.20581794,58.27307652
468,100315036,H,M,M,H,60.70678946,50.14467731,49.16262373,64.24982269
469,257554619,M,H,M,M,53.32359075,78.76172905,49.72182413,60.72503576
470,96912368,M,H,M,L,45.9345224,95.00198329,53.10074726,52.94091205
471,148601257,M,M,M,H,58.91192181,51.51922772,48.89336588,74.79117845
472,220637800,H,M,M,H,61.48954686,56.20709147,45.82595081,67.18222112
473,149034788,H,M,M,M,63.42733421,64.83657549,50.57241828,59.13871915
474,219318094,H,M,M,H,60.90174042,53.35202807,51.09173071,67.24604007
475,149016375,M,M,M,H,56.86391944,52.03460822,47.22959446,64.52686744
476,312694501,M,M,M,M,54.78393486,66.20851244,52.3815188,62.50805341
477,326329135,H,M,L,H,62.95773661,51.72337877,45.51152247,70.40047951
478,129961090,M,H,M,M,54.19664252,78.01496282,51.1434407,58.7078028
479,149108569,M,L,M,M,54.80050566,31.20515286,48.69350323,59.77645963
480,228994098,H,M,L,H,55.93610707,62.39267554,46.82544019,62.82089482
481,197594266,H,M,L,M,61.90661985,63.46396109,44.75203098,60.37693013
482,321425106,M,M,L,M,57.40887955,51.2633993,43.15187128,57.46886246
483,212319294,L,M,M,L,45.38555922,59.73064985,53.24240601,57.22756012
484,146973237,M,M,M,M,56.48865906,69.24751205,53.13545893,60.53565287
485,148048537,L,H,H,M,30.56136663,75.58890905,59.88113669,60.93984425
486,146871747,L,H,H,M,40.52234514,74.7118593,57.8135737,54.22737683
487,242227100,H,L,L,H,65.58626421,41.27325096,45.1759913,69.35483922
488,297136408,M,H,H,H,45.75981839,86.33182231,57.36484846,62.66572717
489,127226891,M,M,M,M,50.77497892,72.36454323,51.1136596,60.61345688
490,104319685,L,H,H,M,44.49702411,75.17593274,59.42899087,62.52685701
491,148169938,H,M,L,M,60.01540595,49.58148652,48.04225778,60.09381447
492,61348811,M,M,H,M,55.63504848,58.34421128,51.70149512,57.04474458
493,295141900,M,M,M,H,55.34417552,47.33923576,48.99549812,65.82640513
494,340015723,H,M,L,M,59.65210259,58.22867644,44.74172351,58.34088642
495,108594632,H,L,L,H,64.37881959,34.6166172,44.31413099,68.38221421
496,104894182,M,M,M,M,53.45443989,63.46738312,52.54336194,56.7680385
497,339634269,M,H,M,M,52.04157281,69.25760203,47.86148212,61.53249465
498,200920785,M,H,H,M,52.96595382,78.51394939,56.41201596,60.63250546
499,172264218,L,H,M,L,40.8231633,90.03256863,53.98329707,58.82450497
500,149161377,H,M,L,M,61.07858475,63.12177935,46.87047298,58.23551402
501,233925530,M,M,L,M,58.5728325,50.89135802,45.77250909,62.78534572
502,116192279,M,M,M,M,48.67930988,65.17635949,52.43229268,63.33899512
503,148030222,H,M,M,H,60.27206219,70.84790748,51.99822443,63.78393767
504,147606065,H,M,L,H,66.24005224,59.53471244,45.26368725,66.97486488
505,189941921,H,M,L,M,62.37242141,59.32801121,45.79372977,62.02437538
506,195047631,M,H,M,M,55.26565903,72.32293473,55.77156274,60.39121753
507,100270071,M,M,M,H,46.9018638,66.85421467,52.81857791,65.69295719
508,187033206,H,L,M,H,77.33939381,38.34635841,46.19073652,60.29464254
509,97577675,M,M,M,M,51.87644745,65.56355551,53.90452681,59.14588103
510,1975400030,H,M,L,H,59.86309484,56.53467704,45.81275941,63.6200702
511,189940620,M,L,L,M,46.45530309,1.265362406,49.60099332,64.28770402
512,156270487,M,L,M,M,49.34353931,33.90513272,49.78491269,65.23266062
513,203933062,H,M,H,H,62.53152931,51.15572737,55.9658038,63.98645545
514,57287837,M,H,M,M,51.60547004,70.30917306,51.06009749,59.44093331
515,149120410,M,M,M,M,56.19099219,58.48245383,51.93755429,62.29197523
516,242866054,M,M,M,L,55.08632078,63.2490965,52.23991258,54.8199145
517,149263171,H,M,L,M,64.08390407,57.96722936,45.73634618,61.03753
518,198678198,H,M,L,H,61.0896727,63.36462262,46.51518215,66.35086484
519,100370857,M,M,M,H,52.14461216,57.7491288,51.82209396,63.29329553
520,99540998,L,M,M,M,39.07677679,68.50904256,51.46217839,57.44983342
521,306729064,M,H,H,M,44.62807826,86.84592721,62.08896373,56.66972357
522,319535753,M,L,L,H,53.8809918,30.31715959,44.73494242,63.53624199
523,102297971,M,M,M,M,44.3564064,68.59833265,54.18873989,60.02599679
524,149197160,M,M,M,M,58.43623891,60.70437646,48.26490801,59.49529244
525,169738177,M,M,M,M,52.43128695,56.59375861,53.18385594,55.24805824
526,61677636,M,H,M,L,43.63328235,99.48150531,49.90704118,51.90501292
527,337786058,H,M,M,H,65.72656047,56.66276084,48.87337011,66.65979936
528,169468890,M,M,M,M,51.93259378,56.15833909,45.52045468,58.77855745
529,120754208,M,M,L,H,57.03592993,64.19990578,47.4257795,65.27778354
530,14932934,H,M,M,M,61.80551362,68.03775776,48.11834844,57.40119968
531,149163211,M,M,M,H,55.66293602,50.91522577,50.75860817,64.33901877
532,148046470,M,M,M,L,58.39802513,68.73026638,49.84416932,56.30701144
533,146821889,M,M,M,M,50.07262182,71.97367791,55.58176625,58.79972891
534,146601519,H,M,L,M,58.27759303,63.61664286,50.11411663,56.62232858
535,125607450,H,M,L,M,64.81981978,56.25632695,44.91281912,60.01580908
536,104376680,M,M,M,M,52.92077774,54.97765972,51.36976296,60.3501091
537,201976392,M,H,M,M,49.20732004,78.24576689,54.08843436,57.20925459
538,95136138,H,L,L,H,66.43237908,45.11223964,46.19098508,69.2418538
539,243127836,L,H,H,L,35.15466368,100,57.84240381,53.15596553
540,17732472,M,H,M,L,45.31445881,82.71635485,55.09275779,55.090116
541,107322812,M,H,H,M,55.24036399,83.72104359,52.62478151,57.57973352
542,218840699,M,M,H,M,49.61566716,68.6183715,52.89674251,58.17559045
543,148013038,H,L,L,H,60.75980068,43.18911209,46.39367092,65.68361691
544,338169082,M,H,H,M,46.39334744,99.14492414,55.71373062,57.40444233
545,71542723,M,M,M,M,55.5778878,62.80245816,47.80511911,60.76537213
546,872200229,L,M,H,M,33.63879214,68.52590601,57.50587406,58.00818898
547,326392182,M,M,M,M,50.97969867,58.50444734,51.39296002,57.98674675
548,146866387,H,M,L,M,57.93648786,50.67359739,46.61350379,58.56624606
549,13953089,H,M,L,M,55.70234604,68.03414749,47.44702497,60.53359719
550,272781162,L,H,M,M,45.17283057,88.44560585,54.15532625,54.85285758
551,333208411,M,M,M,M,54.22613622,64.77372528,52.25930592,60.87304728
552,147005423,M,M,H,M,49.10410308,63.37660513,56.95468892,59.48469787
553,324612854,H,L,L,H,59.95765538,43.13432626,45.65522341,72.46600254
554,219315466,H,M,L,H,58.6404234,53.95093612,44.67914799,64.28059728
555,13245524,H,M,L,H,64.11209627,57.19523445,45.68720839,63.17732637
556,42606787,M,M,M,M,49.56320389,55.61934002,48.94649382,58.23102868
557,146626653,M,H,M,M,52.34974223,76.55669716,55.34402998,54.42073647
558,225625321,M,M,M,M,49.6349171,70.43043915,50.99715889,59.1695287
559,329037245,M,L,M,M,42.82493434,11.08947443,50.58055119,57.21853018
560,320144137,M,M,M,H,55.20217594,72.15373149,49.36317195,68.4108161
561,107848896,M,H,M,M,58.39107202,75.53695914,50.0342305,55.48723629
562,247243894,M,M,M,H,50.99019253,57.08052561,52.25140966,69.41300531
563,93802370,M,M,M,H,44.55457636,52.97758615,53.13384903,65.86321056
564,147666667,M,M,M,M,50.22444332,60.86013215,49.95040377,59.44647088
565,270467131,H,M,M,M,67.13418696,56.72759494,48.6677851,60.0358488
566,93011765,M,M,M,M,47.73228193,47.00327987,47.02135663,63.62429855
567,276732299,M,M,M,M,58.43907151,61.11881017,49.06785564,58.98889179
568,101109395,H,M,M,H,65.16821247,58.82768638,48.3229449,62.26393959
569,260074774,H,M,M,H,64.26710762,53.04298399,48.31054412,65.14723221
570,124583283,M,M,M,H,49.03516663,65.48477417,53.77766388,62.72512694
571,296484635,H,M,L,M,58.69144374,52.62310683,44.63300621,62.64674676
572,146944891,H,M,L,H,61.43064822,45.66291518,45.34551407,73.39482794
573,243126954,H,M,M,H,58.58649031,55.40195928,48.27162729,67.61661029
574,35778876,M,L,M,H,45.5654248,37.34987287,47.18495301,66.42193642
575,125690935,H,M,L,H,63.81963187,55.1555753,46.06995824,61.07508357
576,276406841,H,M,L,H,61.27920522,53.1620357,47.20790434,68.5835033
577,12777498,L,H,H,M,40.09413864,95.93417575,58.38359114,56.31274966
578,163170278,M,M,M,M,54.42050303,67.44740855,46.91503825,56.55542922
579,159644349,M,M,M,M,53.64030132,49.84614469,48.71739296,62.9687097
580,237312403,L,H,H,L,40.36996201,100,57.91167957,55.18025102
581,226149961,M,H,H,M,50.3444814,81.94450412,57.07653781,56.58099745
582,147781139,M,M,M,M,55.13962486,59.02991542,46.87632252,54.14990966
583,101473575,M,M,M,H,50.76055488,53.09537238,48.31966848,64.91877588
584,92739580,M,M,M,M,48.34204065,62.24990992,49.61627272,55.78715869
585,290756190,L,H,H,M,46.89500246,73.76800521,55.45935365,56.36804572
586,16305338,M,M,M,H,49.65007661,56.17749202,51.20487107,64.18749335
587,310806126,H,L,L,H,63.81102336,39.12186492,43.62987036,68.94900963
588,227178908,M,M,M,M,57.32966979,53.05271497,48.46475666,57.89779279
589,100823456,M,M,M,H,55.77468893,55.87924592,49.25411504,67.06629944
590,148571224,M,M,M,M,50.29375838,56.27780789,51.69891893,58.63189543
591,314197711,H,M,L,H,70.62818191,50.12899411,46.46533654,65.09945685
592,146536012,M,M,M,M,56.15369586,52.485284,48.51959746,62.33801167
593,122109160,M,M,M,M,48.48224523,72.79750106,50.61924922,57.47230223
594,148132181,M,M,M,M,56.89540655,65.82295593,54.74052246,62.01323634
595,127285290,H,L,L,H,59.80105804,45.2477753,46.01335563,70.21243132
596,90338502,M,H,M,M,51.15144352,69.90711186,50.73232233,58.9027129
597,260401024,H,M,L,M,58.29607461,57.43655902,45.57880956,57.78265895
598,148133449,H,M,L,M,63.38053621,49.8284911,42.92346916,60.23146609
599,98602878,H,M,M,H,56.77854929,60.65361251,53.90471885,66.16657282
600,266734557,H,L,M,M,61.46597113,47.02809627,47.6418971,63.83864191
601,64837115,M,M,L,M,59.66716306,55.52345075,45.70570437,59.20927457
602,240867595,M,M,M,M,56.48649769,55.64501431,50.56094878,57.45172036
603,13375104,M,M,M,H,50.65755715,63.43126017,49.55491743,70.18536971
604,115332518,H,M,M,H,69.24423437,56.53663494,48.69161392,64.17397442
605,146802950,M,M,M,L,49.41242308,66.83267981,53.85200726,54.30585083
606,216283009,M,L,M,M,57.48043977,41.71826495,47.18427622,61.62291173
607,334600869,M,H,M,M,47.66278779,92.86052074,54.32744393,56.73979555
608,113680511,M,H,H,L,46.74156522,70.87126463,55.38655918,56.58834551
609,276378441,M,M,M,M,55.26792563,61.41273693,47.16561132,56.8929417
610,129955099,M,M,M,M,51.20042155,64.91144086,48.32072803,59.90298349
611,224334459,H,L,L,H,60.51973705,29.35854397,43.95597816,64.85298227
612,120212125,M,M,M,M,52.58069018,56.49411251,47.85285352,62.84866447
613,123801689,M,M,M,M,54.19440965,57.26969412,49.67082306,63.42888535
614,336636922,H,M,M,M,60.71207366,56.4304346,48.2109693,61.14605571
615,87508730,L,H,H,M,40.93757712,76.79124465,55.68312698,56.84427784
616,259713272,H,M,M,M,66.4126512,50.76864288,47.35349526,60.14721198
617,223791875,M,M,M,M,54.71220005,64.56924099,52.68272792,60.00381344
618,112983482,M,H,M,L,48.42817483,75.22163024,55.0444606,54.55612446
619,189939317,H,M,H,M,63.7889643,64.20801122,51.839352,60.01358511
620,158225662,M,M,M,M,53.78372981,63.14408516,49.99016141,61.24119072
621,92913514,M,H,H,M,45.60853616,80.59575186,55.46193735,55.68148905
622,146650595,M,L,L,H,53.10712817,34.58729827,49.34508787,66.4171992
623,148052143,M,M,M,M,55.39505783,56.95803376,47.14147754,60.9685014
624,94989355,L,H,H,M,42.71881194,100,59.93972301,60.10762801
625,47805012,M,M,L,M,59.54903425,57.59478791,46.85518513,57.3821449
626,147070997,M,M,M,M,53.19473347,67.7866328,49.11024377,58.47944531
627,98969274,H,M,L,H,61.2378116,57.69757216,46.65909354,67.02188361
628,120216435,H,M,L,H,60.0124165,51.22558987,45.57163898,63.74863618
629,108002214,M,M,M,H,50.75275135,55.57649812,50.88700415,69.05933985
630,205341598,M,M,H,L,55.24734955,65.57476715,55.04053849,56.07113347
631,95194213,M,L,M,H,52.7877268,18.08181924,47.76193525,60.77855412
632,247220717,H,M,L,H,59.15339274,46.83147276,44.54383798,64.48530585
633,55069533,M,H,H,M,49.1878851,78.06673937,55.23753285,57.89492516
634,315975524,M,M,M,M,57.33585962,54.36939117,47.94093498,60.39723313
635,234214430,H,L,L,M,63.28757263,45.07313094,44.16749289,60.98591445
636,218848973,M,M,M,M,53.46601422,45.14063845,50.67806078,60.7104572
637,294143663,M,H,M,M,52.3554413,81.34507159,53.43130368,56.59375924
638,15427531,M,H,M,H,50.48082065,71.6783969,52.65706869,64.54675677
639,99413710,M,M,L,M,54.98898488,58.07540196,49.37479165,57.34451573
640,243415703,L,L,L,M,44.91573985,42.93960698,44.71891198,60.160361
641,100030417,M,M,M,M,48.5096489,70.83379248,48.30306996,58.48891398
642,127990558,H,L,L,H,61.71849799,39.45747367,44.47538317,71.17224318
643,146717528,M,M,L,M,55.82081478,55.62312859,48.67828023,63.38037973
644,66459794,M,M,M,M,59.57843187,50.78800942,47.3077211,61.58760472
645,108841450,H,L,M,H,64.43434798,43.28504079,47.03454033,71.05591277
646,148163403,H,M,M,M,64.03499301,46.8348345,49.50471689,58.19327068
647,148019831,H,L,L,H,61.35030118,40.43840465,46.9190787,69.92236601
648,148257003,M,H,M,M,45.89776217,79.119823,51.48378513,59.31645224
649,254814171,H,M,M,M,60.74821012,69.99827182,49.13625231,58.61145641
650,271400299,M,M,M,M,51.86444543,65.83406189,50.30715919,59.94538869
651,148902208,H,M,M,H,63.37886811,58.10898778,50.98418049,68.1702572
652,147721895,M,M,M,H,53.68393397,57.19508293,48.56675801,64.27295198
653,784600100,M,M,L,M,59.19530076,49.78128391,46.35961311,60.82334922
654,91904487,L,L,M,M,44.4728184,40.60096445,49.66975869,62.30264754
655,147082633,M,H,M,L,50.80438749,80.87322864,53.33647501,56.08807262
656,118708357,M,M,M,M,48.67183021,67.81852217,48.92943158,56.93999094
657,300262421,M,M,M,M,54.9375219,59.35654084,48.57075501,63.73792683
658,317053859,H,M,M,M,65.8168402,61.81715243,51.56668634,58.33684497
659,238176999,M,H,H,L,48.34514828,79.46906768,56.25008361,52.60453251
660,186750665,H,L,M,H,61.11241162,42.09718836,47.11939104,70.79585801
661,147241689,H,M,M,H,61.04044419,54.03413868,48.90155749,64.68908929
662,126055589,H,M,M,M,58.23395424,54.38662858,48.50030927,57.17272481
663,148023223,H,M,M,M,59.47737049,72.75318257,50.45850382,61.07441096
664,251936258,M,M,M,H,53.57443665,50.07221267,47.2844182,61.85926092
665,98664220,M,M,M,M,51.6498103,62.62625901,51.86709868,61.30956
666,102279589,M,H,M,M,45.48467281,85.53128405,47.78607368,56.41324397
667,209658029,H,M,M,M,58.45480357,60.90004538,49.32329139,55.26010104
668,147332472,H,M,M,M,57.46504328,59.60988591,45.7573126,61.34167881
669,108796838,H,M,M,M,57.8552539,63.1581192,48.82546748,57.45929501
670,147063219,M,M,L,M,58.18256202,51.72321791,47.65022798,58.37543584
671,271115793,M,L,M,H,51.60833006,40.65166301,48.62661348,65.84469689
672,122268942,M,M,M,H,53.15556686,50.69263282,48.11483002,68.07259818
673,149422764,M,H,M,M,50.26262131,84.21884827,49.93139586,62.24333629
674,95627521,M,M,M,L,51.12717593,63.52089299,49.53305997,56.61095655
675,84969512,M,L,L,H,58.83519861,46.14867822,43.8299368,68.84143938
676,103472327,M,M,M,M,51.16894174,53.22884163,49.2450303,58.61715321
677,91712249,M,H,M,M,48.25730587,82.71222142,52.2110328,56.77403186
678,254810710,H,L,L,M,57.92122917,13.44910537,47.10610806,61.49800905
679,147468134,M,M,L,M,51.71054369,55.99016861,49.22816113,57.49448383
680,111302398,H,L,L,H,61.13908195,43.47119842,42.93318538,73.55320451
681,116458681,M,M,M,M,55.36218004,62.40232409,52.33322016,57.50092199
682,260744167,H,M,M,H,60.0080104,55.19118166,52.92363344,64.46980616
683,146595550,M,M,M,M,55.60869215,63.41255645,49.51102817,57.62585913
684,92847138,M,M,L,M,52.26873262,51.39088301,46.67262465,60.14845152
685,89250597,M,H,H,M,43.41203669,100,54.12786302,55.63982065
686,94629874,M,H,M,M,58.90856507,76.64452743,49.33404343,58.53409622
687,185107371,M,M,H,M,48.8823894,70.75330108,54.01468289,58.44714043
688,187862110,H,L,L,H,61.99042174,41.23288005,45.18734445,66.88033739
689,90860919,H,L,M,H,63.01277408,42.49372694,45.33138179,64.67432915
690,147860312,M,L,M,L,59.68453473,41.2938054,50.22607551,57.51442468
691,107258772,H,M,M,M,62.02174399,62.41313499,50.3477736,58.3799645
692,258679053,L,M,H,M,41.39900399,65.38384917,55.25984832,58.25256589
693,204505110,M,M,M,H,52.65340497,65.84531541,52.11026201,66.96669339
694,288708341,M,M,H,M,45.58738689,61.32200406,54.33095418,60.71009448
695,221444804,M,L,L,H,59.79030285,40.23393497,45.33587215,68.49778116
696,148559805,H,M,L,H,61.20480973,51.83355048,47.94947556,72.18451695
697,293798949,M,M,H,M,49.32429577,67.96913256,51.76132817,59.34691631
698,105925221,M,M,M,M,52.20266841,53.41076443,51.69106913,61.29397433
699,244035019,M,M,M,L,54.95884155,44.64560879,48.92337909,55.62711921
700,1862000200,M,M,M,M,55.4867242,68.97027879,50.85249209,60.01134983
701,132918430,M,M,M,M,52.27297942,52.74788824,47.37243261,59.80875201
702,149190805,M,H,H,M,52.44986996,79.27414425,54.70209032,58.70966901
703,108378653,M,M,M,H,56.15513876,59.95681233,49.5107315,62.58350872
704,146815458,H,L,M,H,62.09662707,40.6407993,50.13084633,70.22407628
705,106624150,M,M,M,H,53.19698442,68.26412439,52.75568873,66.62796367
706,338172270,H,M,M,M,59.56528761,45.84971454,48.42841478,61.30872587
707,118690056,L,H,M,M,44.93055552,77.44556107,53.23553837,59.40957333
708,174827805,M,M,L,H,53.81392476,60.16952232,48.26572691,65.17947643
709,256875369,H,M,L,M,78.07586131,59.68328169,44.03900983,60.18392701
710,13371109,H,M,L,H,59.91895623,52.62699767,43.58781065,72.31830368
711,128039089,M,M,M,H,57.03791004,60.22127663,52.58339214,63.01902998
712,105713488,M,M,M,M,49.69182898,56.75476572,50.38949498,57.18140688
713,272392528,M,M,H,M,46.57553758,65.52312585,57.39553862,58.87748232
714,102105036,H,M,M,H,61.83335845,49.09637594,45.31646615,63.0845464
715,317770830,H,M,L,H,56.63179642,53.07946943,45.21835089,67.88319782
716,146794249,H,M,L,H,63.12200695,48.00265655,48.08613886,67.97938819
717,334199534,L,M,L,M,42.93038993,61.52443289,48.70103846,60.45563697
718,242226169,H,M,M,M,63.34715249,58.1485577,50.1464039,63.26693079
719,218547406,M,M,M,H,54.28812563,52.2911083,47.57001873,60.6291191
720,215038640,H,M,M,H,64.25190557,49.7844729,45.68561642,67.48790342
721,147212125,L,M,H,M,38.15985781,66.43164064,61.65779111,56.93831355
722,314929201,H,M,L,M,56.52535243,48.44162107,46.73575821,56.25200514
723,225365376,M,L,L,H,59.44278575,43.11869067,46.91766443,77.30102037
724,16363568,M,M,M,M,47.35621838,50.0166092,51.57041128,61.40384006
725,294478936,M,L,L,H,54.37211208,44.6205341,43.77732913,66.92394459
726,290763282,M,L,M,H,53.10182022,41.16466208,49.0945214,63.78721076
727,104695100,M,H,L,M,53.74476496,80.05977871,48.12588879,55.60289301
728,200081273,M,H,H,M,49.67911866,72.35165641,55.06094241,57.23786153
729,104945485,M,M,M,H,50.23134633,52.32322577,49.69812608,65.13561668
730,260720985,M,L,M,H,54.67912099,43.74644793,48.17341508,65.58585037
731,256887145,M,H,M,M,50.64327416,76.11040548,52.38028722,57.27129389
732,100156710,L,H,H,M,37.9955996,100,58.04375611,62.22010044
733,15719401,H,M,M,H,57.53812296,61.20771721,51.04805049,63.0481001
734,120139461,M,M,M,H,53.8639842,52.48668313,52.67089663,71.97180146
735,43108934,M,M,M,M,51.72983331,61.04014552,52.89583967,59.82881762
736,14905714,L,H,H,M,42.08868034,76.30474892,57.4470517,55.0342886
737,276732978,M,L,L,H,49.5938348,42.67818613,46.95233592,66.17087663
738,216887127,M,M,M,L,53.98552463,58.55331523,49.21613141,53.08199082
739,103496325,H,M,M,M,59.05589971,66.98259843,51.93569803,57.80093737
740,111941101,M,M,M,H,47.95117538,67.48974825,51.87739823,63.92868183
741,164748698,M,M,M,M,53.1022732,58.21631417,51.48859237,58.85772116
742,148951516,M,M,L,M,53.8240602,57.32131444,48.638996,59.73338819
743,147067972,M,H,H,M,45.61579163,88.8668953,55.37107772,57.74635834
744,149230126,M,H,L,H,51.6958878,69.68544062,49.24247969,66.42086172
745,264113343,H,L,M,H,59.06097119,44.01440183,47.06284441,64.88400404
746,100539082,M,M,M,M,52.92655866,69.08826152,51.52900611,59.39823244
747,287520612,H,M,M,H,56.86346188,70.97893673,52.22562225,63.72150095
748,90307107,L,H,M,M,38.13413763,100,55.13249223,57.14048438
749,92116314,H,M,L,H,70.11905917,51.17950578,47.61234767,64.41471182
750,260075476,H,L,L,H,60.60440048,37.88457185,43.4388778,69.54770835
751,343842263,H,M,L,H,61.58733209,50.20391095,43.19937437,62.26348244
752,147199692,H,M,M,M,61.66153631,62.3306858,47.45064288,59.9077036
753,93656190,M,M,M,H,52.98804858,66.22267817,49.68928329,71.54232767
754,174852525,M,M,H,H,46.93666307,59.23001128,53.54571196,66.96801049
755,91136161,M,M,M,M,45.64702762,72.93175966,54.59472085,60.18597594
756,325072508,M,H,M,M,48.97709056,85.09183465,52.03973939,59.20459348
757,98776372,M,M,L,M,50.54478112,45.13166667,47.61039784,57.91899019
758,170451662,H,M,L,M,62.10403422,52.29495118,47.48879468,60.23643145
759,172256056,H,M,M,H,55.86618016,52.4246478,49.73546453,69.6382923
760,12682862,H,M,M,H,59.20495884,53.65027346,48.39933351,65.79782128
761,238450347,M,M,M,M,51.55718767,58.42044387,48.2449351,56.40802289
762,220944291,H,M,M,M,60.44929737,57.25566707,51.57648465,60.69202968
763,147075068,M,M,M,M,53.5856005,68.03493533,49.0938137,57.01830283
764,97070902,M,M,M,H,56.4497924,53.9705505,50.42391742,63.5014857
765,15299702,L,H,M,M,33.43642564,98.49795395,55.34414658,65.04932865
766,148042659,H,M,L,H,62.59031366,49.88694021,46.3112005,67.10179769
767,92158231,M,M,L,H,58.81152977,54.37691867,45.07090922,69.49242314
768,149084433,M,M,M,M,50.82340557,68.65713231,51.37553559,58.05073703
769,102069346,M,M,M,M,53.76797175,48.41592011,47.03683115,59.24224862
770,246094430,H,M,L,H,59.88717564,50.07508681,48.14022845,65.52575984
771,164423380,M,M,H,M,44.52569437,68.50284722,56.00071821,58.96441984
772,102035035,M,M,M,M,55.62163854,56.44528117,48.62470382,61.3390266
773,120633141,M,M,M,M,53.776521,56.94979491,50.94055478,59.59652221
774,225887738,H,L,L,H,69.5915257,47.99458532,43.38630832,66.87483857
775,97681928,M,H,M,H,47.37148182,71.52636533,53.06379878,61.90456913
776,149304669,M,M,M,M,50.27404762,58.45738852,49.90876784,56.3751344
777,214803476,H,M,L,M,59.95691136,56.74373019,47.06411049,60.13746733
778,208303223,M,M,M,M,52.41911,70.6154707,53.27897607,61.08636839
779,333857191,M,L,L,M,55.66429241,39.58555714,44.95373431,59.14791668
780,317770628,H,M,L,H,69.14049528,54.67932079,44.24457469,61.83279058
781,148663992,H,M,M,M,64.33440043,59.29204855,48.145663,63.19677723
782,99947594,M,M,M,M,56.9156589,66.08176863,51.5656893,55.86166319
783,95954814,M,M,M,M,52.64525694,53.29224676,47.7596865,54.17878895
784,171271815,L,H,H,M,43.09772387,94.09565241,57.18495476,56.45557382
785,100237874,M,M,M,M,48.8614282,64.3082068,51.68984091,55.78884784
786,107826145,M,H,M,M,55.67455194,74.01798167,53.00650616,56.30968708
787,16534545,M,M,H,M,48.84656983,53.3661491,54.73152988,62.20534712
788,334386596,H,M,M,M,56.72428948,74.33644268,55.49613886,62.81492412
789,264745247,M,M,M,H,48.49878993,54.38045898,50.63250725,64.0157047
790,174871533,M,M,M,M,53.02469849,59.42921192,53.38424028,60.20848459
791,95828010,M,M,H,L,44.28037254,68.69384821,54.64198257,51.57764823
792,203919514,H,M,M,H,60.76762891,64.27612761,48.8966314,65.22078165
793,149306175,M,L,L,H,52.80579674,18.21226335,45.67697287,71.41554939
794,343858324,M,M,M,M,53.82366235,70.90606665,55.23589083,56.06248479
795,13305713,M,M,M,M,57.45715,48.64918824,50.22177705,59.59516792
796,253178360,H,M,M,H,65.63815881,49.21214605,46.75870883,65.01441713
797,97877559,M,M,M,H,49.9671607,56.91990038,50.57164326,69.53366107
798,146816095,M,L,L,H,46.35257281,44.54667976,48.0464804,65.35974121
799,149035153,H,M,M,M,59.26355985,64.72221184,47.9929701,58.83251129
800,148616325,H,M,L,M,58.44194354,56.25494772,50.02194003,63.94371103
801,340082625,M,M,M,H,52.59277809,60.5746057,52.14302516,66.72780306
802,1755600192,M,L,L,M,59.10215545,30.54855795,44.62465972,58.26977362
803,185559607,M,M,H,M,49.62105295,69.01099494,56.68077331,57.41772431
804,148723006,H,H,M,M,69.88262834,71.51486483,53.59326907,59.06345154
805,217091933,M,M,M,M,56.25584788,62.68748397,50.5567302,63.4138927
806,147717148,H,M,M,M,56.94543053,62.34881983,54.98527686,58.84443756
807,224049130,M,M,M,H,50.31374179,64.31278388,53.77307165,64.52899342
808,148076684,M,H,M,L,51.54931049,93.13641928,52.26081778,55.1603243
809,129254143,H,M,M,M,57.83146724,63.86334486,50.94709375,63.57667103
810,122092236,H,M,L,M,61.09937587,62.75096418,46.01281015,58.43104266
811,103955428,M,M,M,M,50.46273353,65.45580361,51.71101867,57.81923402
812,14643480,H,M,M,M,57.7394214,67.51705352,48.30462952,58.15603913
813,238487018,H,M,L,H,60.56473297,48.37483604,46.08102883,71.4626112
814,146774056,H,M,L,H,62.13609907,48.63632977,44.22890785,66.75997832
815,192134265,H,L,L,H,63.07434993,44.24206185,40.88453185,67.6739958
816,148530160,H,M,L,M,68.42083944,49.5316052,44.127468,62.44925182
817,339648969,H,M,M,H,68.55578497,53.5701965,45.49828618,66.09355558
818,259077184,M,M,M,M,53.2662243,60.19283516,48.45001447,54.89697261
819,315264907,M,M,M,M,53.7881198,67.87202021,50.28186888,58.15022803
820,147635434,H,M,L,H,62.12044064,53.2287653,43.83289239,66.90826496
821,86537706,M,M,H,H,44.45842176,57.88761732,56.54688977,64.81138759
822,317404544,M,M,L,M,50.89822353,44.32555635,45.30457953,59.69733089
823,147984026,L,M,H,M,42.78278245,62.26344306,54.94426133,62.55494429
824,294484536,M,M,M,H,54.72584074,57.44991065,49.99465714,66.21660591
825,102641569,H,M,M,H,60.230273,54.17321138,49.15945835,67.66119784
826,121652000,M,M,M,M,55.01809441,66.06208587,51.13539093,56.4925244
827,118743542,M,M,H,H,51.84227794,58.94550536,51.98106361,71.05519072
828,17920778,M,M,M,M,44.79725531,48.60040283,49.71329906,61.26545534
829,100033371,L,H,M,L,40.58763949,76.74464025,55.51507846,50.43303813
830,99656838,H,L,L,H,60.48966377,38.06297574,43.81174762,70.05839876
831,12666723,M,H,H,M,46.77376253,87.22853823,57.05854484,56.75856251
832,146997048,H,M,M,M,57.68401956,69.62050071,52.57955773,58.85470762
833,193829304,M,M,M,H,49.53275525,52.02209651,49.64219738,63.67974357
834,115906934,M,M,M,H,49.97121697,63.33884343,50.95553506,63.46498829
835,101887542,M,M,M,L,51.28379708,68.04568078,50.50050169,55.46784246
836,210978506,M,H,H,L,53.17424171,99.77421199,55.52492849,56.28012972
837,15353066,H,L,L,H,65.34089163,46.20277452,43.97299637,66.0462708
838,148198751,H,M,L,H,58.04235405,51.62170191,46.06833045,67.06792549
839,169770656,H,M,L,M,56.11149499,50.86351899,45.37036173,60.46481408
840,288022277,H,M,M,M,60.8420881,57.13751221,48.95174316,61.56804324
841,146970465,H,M,L,H,61.34326652,52.2098564,44.02925703,70.08562152
842,100938195,H,M,M,M,61.90582022,64.51162249,46.29038944,59.60209962
843,259401963,M,M,M,H,59.52427724,48.44613933,47.97520875,68.22543927
844,147050219,M,M,M,M,57.73100653,71.40886537,51.86510092,56.94549385
845,325962500,H,M,L,M,60.27734019,48.61756063,48.67565953,59.92125977
846,147162491,L,H,H,M,32.75416261,100,58.1654625,56.79642239
847,264472840,H,M,L,H,63.0681512,58.04671919,48.85672328,67.40007101
848,328184405,M,M,M,M,50.4345244,63.60873674,50.21244453,61.02549368
849,301579404,M,M,M,H,56.66060246,48.16833824,45.0045552,65.83817661
850,98548040,M,M,M,M,52.69334117,52.75578951,49.71703607,62.14062403
851,340504888,L,H,M,M,43.04020225,100,52.82654164,57.99028945
852,102023348,M,H,M,L,51.95764927,77.44847651,51.20695817,55.43823168
853,101025127,H,M,L,H,65.71476872,53.7784325,45.76817801,66.7942673
854,162644467,H,M,L,M,57.88670397,47.6005064,47.27756524,65.40572082
855,105266890,M,H,H,L,44.62911389,85.61107253,56.28335556,54.74793192
856,185427655,M,L,M,H,56.10057074,44.20630081,49.26053341,64.39749644
857,332381560,H,M,L,M,56.88336214,53.43205526,43.16952527,61.19060505
858,328601729,M,H,H,H,47.2359615,71.04042262,55.67791943,63.37476736
859,101184843,H,M,M,M,56.29217325,65.68628961,50.17739396,59.66368739
860,329907249,L,M,M,M,41.45880692,60.48506877,55.74612584,61.16200812
861,149145062,H,M,L,H,65.12826423,47.52603753,46.4045597,68.05320568
862,105180416,M,H,M,L,50.09269902,73.90774406,52.92538858,54.42394227
863,91357468,M,M,M,M,46.91265725,69.95336895,53.48901536,62.05959715
864,340073302,H,M,L,M,71.33422619,47.86619683,45.57659677,59.53127676
865,146638697,L,H,M,M,40.19604234,100,54.8656476,55.78010125
866,149446227,M,M,M,H,60.91117337,49.19594074,47.66410842,65.05266765
867,102242568,M,M,M,H,52.39675995,62.13595575,51.10358617,65.32013745
868,177611314,L,M,M,M,40.85210288,68.19095228,55.07353962,60.14190014
869,253147707,H,L,M,H,63.19716702,47.05510481,47.69744156,65.74288208
870,120931388,M,M,M,H,55.61677925,60.11138029,47.87366737,67.59606536
871,149427950,M,M,M,M,60.04123655,63.76397597,48.30145478,58.10770848
872,331581006,H,M,M,H,57.79197066,48.41456016,47.04265565,67.57577035
873,244101466,L,H,M,L,32.24734818,74.14025026,54.5685624,56.63742339
874,320249421,M,M,L,H,52.82652924,67.69148101,49.27747632,67.00616066
875,344611412,M,M,M,M,59.52943863,71.34748558,51.61918499,60.50659434
876,148906656,H,M,M,M,61.40849,63.89544145,50.92564012,59.57684309
877,298880362,M,M,M,M,54.38660319,69.5044496,49.06441172,58.10945455
878,92015359,H,L,L,H,61.92208808,45.91210673,45.23423205,69.41108809
879,147002129,H,L,M,M,71.65339689,0,45.77887771,59.09443435
880,147826599,M,M,M,M,53.15057421,64.07407329,49.96516141,60.89522539
881,148102922,H,M,M,M,63.09209423,55.700846,47.02087753,56.81762026
882,149243012,M,M,M,H,55.87207344,50.59714197,48.5247458,63.39679367
883,97459516,M,L,M,M,46.97943101,43.76643074,49.49867764,58.31824094
884,227961868,L,H,H,L,36.35629227,100,58.51898467,56.00581404
885,290772375,M,L,M,M,54.24978117,43.47991516,47.06711363,63.42504748
886,269310107,H,L,L,H,68.42172357,38.76582072,43.90215099,69.44895171
887,300620568,M,M,L,H,55.82626424,58.65097503,46.06287421,65.67843526
888,147389138,M,M,H,L,50.76568332,73.34150899,53.37624801,53.16595299
889,171763103,M,M,H,H,48.87373573,67.07042571,56.39423314,63.01225787
890,129764606,H,H,M,M,56.54774556,79.46474594,53.70508002,59.67054676
891,147981885,H,M,L,H,67.65783098,59.11885677,43.49265885,61.74847686
892,259408581,H,M,L,M,63.53922986,49.3178058,43.24491525,55.01185361
893,268347134,M,M,M,M,55.44128852,64.52915501,49.939778,57.19864512
894,223764812,M,M,L,H,52.48185238,42.93594889,46.5887028,66.00696154
895,96424204,M,M,M,H,59.13254868,43.02009568,50.71203552,65.2710218
896,73625534,M,H,H,M,47.86974712,87.71048229,53.49977685,59.18525221
897,13881844,H,M,L,H,58.20395981,51.99642135,46.1242796,62.8260131
898,127896724,M,M,M,H,51.35581576,62.81956098,47.20483427,61.91294247
899,89132255,H,M,L,H,70.59900926,52.83691558,45.95763884,65.48883085
900,248752715,H,M,L,H,56.23112325,46.33373097,46.25695646,62.00932431
901,107175133,M,M,L,M,56.48326713,49.43447933,46.25225315,61.22545121
902,147786932,M,L,L,H,51.34197141,42.14995233,48.28722599,64.41352242
903,146662654,M,M,L,M,57.09838867,51.74730362,47.87711323,56.28558999
904,148615435,H,H,M,M,57.43441681,75.54464925,51.08280488,56.29306778
905,127959562,M,M,M,H,48.28785742,49.12700153,52.44787043,65.76661547
906,261791948,M,H,M,M,51.25503082,76.74909946,51.20967658,59.57294605
907,97763949,H,M,L,H,60.58952876,46.06372374,45.59430059,69.72830204
908,147187250,M,M,M,M,56.14696175,53.89007368,50.32607467,62.61435181
909,148590214,M,M,H,M,53.81190233,67.49876723,53.59880505,54.99528392
910,1029200094,M,M,M,M,54.01389388,66.9288523,52.10183936,59.34324424
911,102373490,M,H,H,M,51.18258722,73.54761939,54.81553453,58.00824631
912,218266901,M,M,M,H,52.10134603,57.01990432,47.92062704,66.73018724
913,121045819,H,M,L,H,60.80500771,49.34017998,45.45407194,64.79268163
914,147203790,M,H,H,M,50.08953782,76.86373351,53.77738831,58.65840871
915,211788499,H,M,M,M,60.77535078,53.77856182,49.80626148,61.27018185
916,108497652,M,M,H,M,45.72673444,69.70805985,52.520642,56.7470065
917,107472101,M,H,H,M,48.64508139,89.39891312,53.60989987,55.9475592
918,336614428,H,L,L,H,62.59961757,46.80766124,47.16466902,65.83054906
919,253505851,L,M,M,M,36.22276243,63.67668501,55.66798545,56.00312107
920,148578502,M,M,M,H,50.65561721,56.48324922,50.25920317,65.13960231
921,184842891,H,M,L,H,62.74490392,46.38037744,43.81541874,65.48907952
922,335041167,M,M,M,M,52.08141293,60.21203445,46.60743269,62.92732957
923,84020683,M,M,H,M,50.30661822,65.97203539,54.30498987,56.08454287
924,326396085,M,H,H,L,46.4871626,79.14036511,55.55132401,55.31676204
925,147460433,M,M,M,M,55.35566924,70.9464856,52.45836596,55.61650848
926,226414084,M,M,M,H,53.75072962,56.92608142,48.44617208,65.70146074
927,315610778,H,M,L,M,72.19094915,52.71014141,46.54577852,59.90580987
928,334645517,M,M,M,H,52.18146704,53.5475436,47.80172872,64.55811029
929,209904553,M,M,H,M,45.41222019,67.28986605,53.61019219,60.52360302
930,148750325,M,M,M,M,54.07076992,45.11796438,50.70192376,58.7576646
931,148854966,H,L,L,L,55.78000929,38.51890346,46.67862867,57.05203925
932,320601041,M,M,M,M,53.41518225,64.37329041,49.75130462,63.72172004
933,148052125,M,H,H,M,53.93316586,68.75545401,55.87146263,58.03111027
934,100104116,M,H,H,M,50.45586444,77.63075675,54.69567623,55.70407727
935,107194144,M,M,M,M,46.29924601,68.90541783,55.27144775,60.74636658
936,99833200,M,H,M,M,54.7605278,72.87889254,55.01218616,58.59382701
937,94147305,M,M,M,M,57.62760313,65.16826468,50.54380904,62.14624666
938,39671910,M,H,H,M,42.62908713,88.86712534,57.24515537,58.50298548
939,147488885,M,M,M,H,49.67623274,54.64110168,47.86865974,68.62197813
940,1113800095,H,M,L,M,64.30151161,50.29942169,44.80430631,63.72143217
941,338891804,M,H,H,M,44.74682711,76.6605841,55.95750033,60.72629004
942,92925323,H,M,M,H,57.51230719,54.49744554,50.46718004,68.7826816
943,189346652,M,M,L,H,57.98046935,57.33188184,46.93756161,64.92478087
944,329474163,M,H,M,M,56.81168708,69.57643731,51.07026495,61.58902989
945,129232188,H,M,L,M,62.51431431,51.85079848,48.33915619,62.27295575
946,206199531,M,H,M,M,49.52614618,91.85754693,51.51824644,57.81787002
947,245786027,H,L,M,M,61.84356509,43.01941258,48.88797929,62.05129636
948,148763552,M,M,H,M,46.63429899,71.38909393,56.28698969,60.4952835
949,259751971,M,H,H,M,51.02391374,87.7877555,52.69764952,56.59112304
950,1097500068,H,M,M,M,66.9512715,49.37684825,48.83107074,59.73022675
951,43191105,M,M,L,H,60.77912803,52.04091569,46.18514958,69.17595993
952,148579451,H,L,L,H,65.41108717,45.01459111,45.68005225,70.67332431
953,203629123,L,H,H,L,39.18032165,100,60.32891264,51.85856918
954,233592881,H,L,L,M,64.85083972,38.25141364,42.9011367,64.45677351
955,256061888,M,H,M,M,55.23667177,82.1398196,54.00168425,56.83708515
956,226681599,M,M,M,M,54.41836028,64.06901103,55.48446417,55.63807763
957,147232696,M,M,M,H,53.72608948,55.86375724,47.60573931,65.08924354
958,324196219,M,H,H,L,52.81710088,89.17206716,55.01169311,56.30218477
959,146602104,H,M,L,M,64.27308166,55.30806887,43.99520657,59.47180283
960,127043531,M,H,M,M,54.48978755,77.28853323,51.63696542,62.30206557
961,97652835,M,L,L,M,53.77627533,34.76802114,45.72668014,59.76169531
962,122591135,L,M,M,M,42.11890561,63.99000016,53.3366682,58.16246961
963,179392978,H,M,M,H,62.50411805,46.41996797,45.12572747,68.2052281
964,16013050,L,H,H,L,40.14151426,100,57.99099266,53.5089677
965,13328189,M,M,M,M,47.97053171,73.54709468,51.26481728,59.38564648
966,212312304,L,H,M,M,41.38791621,95.23172343,52.68356184,58.29422827
967,147470700,M,M,M,M,51.5481533,71.64164188,49.39523416,60.3883241
968,98786005,M,M,M,M,50.9877182,61.39221568,51.21501307,60.310395
969,310828998,M,M,M,H,53.66551924,50.65889398,48.55505657,65.93408825
970,134735144,M,M,L,H,55.81391998,48.75066325,46.57299245,67.28730057
971,116321462,M,H,M,M,58.29379245,69.11633063,50.55286158,61.34071141
972,148225012,H,M,M,H,58.99745897,59.34804688,48.9419413,65.25368691
973,119850292,M,M,M,M,52.15245248,67.22303546,50.50909627,56.25365443
974,292200245,M,H,M,M,53.24609172,72.14216086,47.60612264,56.96332418
975,148087576,M,H,M,H,52.25625091,76.34805641,52.36903447,63.15801684
976,127250815,M,M,M,M,56.3540582,64.04901273,52.38247465,57.19771479
977,184571502,M,M,M,H,60.42069068,51.99293771,48.13776755,61.27607923
978,247294894,L,M,H,M,41.95337776,67.31614478,56.70019711,56.43806953
979,148185953,H,M,M,M,58.39465416,66.7206078,48.18319033,55.8450975
980,146970417,M,M,M,M,51.33722498,67.2465659,51.1011486,56.77994115
981,299535125,H,L,L,H,64.08696977,42.60635835,46.61024038,69.21664002
982,329910667,M,M,M,M,52.90183135,61.08667397,53.99377246,61.20314529
983,106380458,H,M,M,H,57.87111562,56.46979028,46.12916583,63.36430611
984,156208298,M,M,M,H,60.04543445,47.98967506,49.76489594,67.56761397
985,147136435,L,H,H,M,37.36400134,100,59.64120669,57.75173059
986,169500713,M,M,M,H,59.68733379,59.37385741,47.26295881,66.23281451
987,146732292,M,M,M,M,51.63855065,61.37220869,45.30769105,56.10164709
988,147292235,H,M,M,H,61.0749733,63.2665572,52.295161,66.99883587
989,16051918,M,M,H,M,47.25732751,59.90574068,53.13783292,59.0132793
990,96415729,H,M,L,H,66.51574007,55.18850239,45.02964696,64.95292597
991,1304300058,L,M,M,M,42.20258306,57.21179154,52.82939991,62.04886294
992,110982127,M,M,M,M,56.10843807,68.02773842,52.56029103,59.95478802
993,129439290,H,M,M,M,56.07764233,60.33704033,47.93323199,60.51742306
994,173074697,H,M,M,M,61.98110137,61.72472435,50.51735295,59.27491796
995,313447929,H,M,L,H,63.25817007,63.75589634,48.47714158,63.103284
996,116189771,M,M,M,L,51.59355883,66.84200174,50.30624326,54.83515077
997,106739833,M,H,M,M,54.97952763,77.9328354,49.11619429,59.36704054
998,97463535,M,H,H,M,47.82501212,87.19257512,54.58738166,56.21662113
999,232450440,M,H,H,L,49.49840946,90.60292085,55.58208973,54.84353471
1000,101413511,M,M,L,H,55.66411135,43.90439512,45.61046576,77.17957756
1001,102059055,M,M,M,H,55.1012043,58.15140809,49.03153276,65.2562985
1002,147072610,H,M,M,M,69.94694136,58.91800411,47.71309212,61.09596613
1003,101099717,M,M,H,L,49.12593064,73.97838038,52.3144844,50.76911551
1004,217255243,H,L,L,H,70.82944385,44.59215798,43.65032255,63.78117098
1005,276361083,H,L,L,H,62.53090754,39.10728807,42.52784666,67.64060161
1006,12700190,H,L,M,H,60.85796744,42.83378129,48.89127119,70.45621299
1007,257299263,L,M,H,L,41.39290982,63.48388457,55.79779634,56.59670497
1008,331551618,M,H,M,M,57.3944039,73.11084646,47.76801466,64.61692775
1009,89536549,H,M,L,M,56.20613433,46.75620431,46.02050578,59.4876652
1010,123158583,M,H,H,L,47.81574638,78.36536969,51.30698929,52.25905052
1011,147306032,M,L,L,H,59.97339374,31.5842666,46.50318019,65.04345452
1012,450700002,M,H,M,H,56.66855588,74.40774584,53.01947146,71.44264051
1013,101246819,M,M,M,M,55.22836559,57.17508062,50.04867908,57.24978177
1014,86681430,H,M,M,M,57.59622335,71.0696935,46.30272761,60.69566929
1015,102088539,M,M,M,M,58.53141468,57.81886929,49.94400718,58.98781398
1016,202517164,H,L,L,H,67.25563279,46.19858143,47.06738393,66.92936828
1017,305294945,M,M,M,M,53.99161736,59.78720962,49.50058868,59.02761168
1018,260740277,H,M,M,H,57.67861946,54.44326565,50.63384809,65.59901052
1019,108103715,H,H,H,L,60.46917409,79.37951246,53.63970126,53.51710924
1020,147578946,M,L,L,H,54.42429422,44.2263792,43.88448827,75.96783194
1021,310448428,H,M,L,H,67.06615741,47.58389065,46.10038441,67.92662943
1022,91236607,M,H,H,M,50.19835827,91.07528892,54.56501352,58.68572625
1023,334639058,M,L,M,L,49.17402311,41.60379998,52.93945359,56.49749078
1024,146867350,M,M,M,L,52.48893376,61.63049178,51.37741295,56.12929036
1025,339289905,H,M,L,M,68.34350256,50.68807523,48.16762628,65.82046975
1026,301914361,H,M,M,H,56.87594433,59.83769302,47.4090365,66.36108895
1027,92666424,M,H,H,M,47.31059805,77.49449826,57.22359915,57.75275041
1028,331827942,H,M,M,M,65.02949779,59.12735265,47.48062067,58.6632714
1029,148122032,H,L,L,H,60.37374785,37.12932368,43.3557524,64.66325466
1030,320409566,H,M,M,M,59.67469528,63.13790828,49.73739388,59.13875888
1031,89196370,M,M,M,M,57.01189499,61.34087504,54.09270798,59.00759556
1032,272734518,M,M,L,M,57.0374076,58.35531044,43.61430638,60.97443815
1033,339289922,H,M,L,H,62.63547874,54.46050315,45.53916345,61.68142887
1034,105751417,H,M,M,M,69.81067362,62.70753914,49.73309241,58.23552773
1035,332464380,M,M,M,H,49.95075047,59.14053976,51.71891809,62.17889301
1036,190462787,M,L,M,H,56.18975622,46.03983646,51.20117937,74.06550404
1037,55954558,M,M,M,M,53.96047279,59.67762348,51.60451486,59.8390722
1038,193572768,M,M,L,H,55.16721114,57.02874421,44.16664211,67.49342719
1039,297850641,H,M,L,M,67.35705598,54.5072202,46.37742962,59.27293853
1040,91508866,M,M,M,M,52.87508902,65.9175488,48.89713418,59.26712809
1041,97969439,H,M,M,M,63.43278129,61.54962653,47.15060016,60.59721565
1042,299161612,H,M,L,H,62.75915502,50.04374312,47.07477271,66.56754058
1043,260079969,M,H,H,L,44.8239639,93.25841542,60.11455466,54.41040062
1044,258294618,H,M,M,M,62.97352259,58.19094595,45.26547832,61.05044157
1045,162909040,H,L,L,H,59.65002568,34.83006153,45.78940771,72.71847947
1046,107949237,H,H,M,M,63.08362307,73.79987867,50.01947853,62.34869268
1047,10483802,L,H,H,L,42.72613143,93.03977966,57.96779806,51.0281441
1048,107966864,M,M,M,H,47.08497335,51.09122111,51.29801209,61.60927617
1049,93902000,M,M,M,H,57.14759984,61.16148799,49.36147201,66.15578487
1050,1266300048,H,M,L,M,58.82022192,52.51351137,45.63342417,60.25297642
1051,100428522,M,M,L,M,51.59992841,62.44861494,49.1864725,59.28111479
1052,172515217,M,M,M,H,50.07137112,68.43510367,51.52184562,65.73657659
1053,345003731,H,L,L,M,71.84803183,45.91739191,42.49219878,61.52578105
1054,102019178,M,M,L,H,58.03865854,52.49626518,46.63199248,66.97445393
1055,290082003,H,L,L,H,57.02046226,19.04773636,45.79455844,67.86302215
1056,97477244,M,M,M,M,55.66266113,52.72570409,51.17927634,58.12446127
1057,95939714,H,L,L,H,73.83764286,47.78100849,45.48393985,66.68660193
1058,192136490,M,M,M,M,52.91702402,61.01818188,51.65472362,60.92596295
1059,252883726,H,H,M,M,57.961526,80.54381889,51.71654708,59.86273705
1060,332802827,M,M,M,M,53.69861405,70.66298973,54.39538219,59.39002894
1061,221735060,H,M,L,M,63.11142019,52.75111936,45.70137103,63.78492254
1062,147474265,H,M,M,H,71.63143356,48.58137718,46.43035446,67.29467225
1063,271118585,H,L,L,H,68.93662622,44.65275252,44.58840928,67.87643931
1064,291872690,H,M,M,H,63.27662599,57.50987191,48.33081391,61.86860882
1065,148108703,M,H,M,M,53.76624318,74.71741718,51.64489354,55.57392731
1066,290761603,H,L,L,H,66.2741216,44.02768462,43.75666036,66.71278978
1067,108728590,H,M,M,M,58.5898119,65.16565412,47.12631618,60.84861963
1068,148670426,M,M,M,M,55.35849624,64.10996676,49.21276565,59.37022515
1069,147524247,H,M,M,M,60.21468491,45.82685994,47.32757266,58.98995671
1070,148000188,H,L,L,H,62.19557223,45.71619578,45.65539241,62.30016663
1071,186220133,H,M,M,M,62.53479467,61.23618463,48.52893276,60.90938606
1072,102447713,H,M,M,M,63.13352616,55.9678265,47.84737211,58.5203068
1073,295486928,M,M,M,H,56.80374797,58.80850559,47.57425489,67.90010269
1074,344210265,M,M,M,M,55.92346102,61.77793959,52.53517955,60.95836894
1075,1617300185,L,M,M,M,42.89891648,56.64824321,53.92302968,59.23158545
1076,100969764,M,H,M,M,49.9168603,87.37890161,55.16957268,58.58177145
1077,197559857,M,L,M,H,56.83772179,42.3467299,49.90962221,74.00065785
1078,107284505,M,H,M,M,50.7051092,72.34070818,55.06815609,61.63447303
1079,146843375,M,M,M,H,55.07829934,55.65117071,51.2312598,68.47435108
1080,235496590,M,M,M,L,52.43301058,69.57844153,51.44203303,54.64194081
1081,148504310,H,L,M,H,58.98235889,36.57398434,44.99883534,64.94409126
1082,100602360,M,H,M,L,44.48605679,100,52.50763426,53.42849242
1083,89127916,M,M,M,M,52.30081534,66.23345513,49.13899716,57.23102102
1084,244935154,H,M,M,H,59.40180554,56.81477024,46.08242785,66.77699258
1085,146582229,M,M,M,M,55.44080137,62.05376987,52.78862282,60.0636497
1086,209922189,M,H,M,M,55.65988947,85.33536576,51.61791097,58.16452292
1087,32247710,M,M,M,L,51.64290781,68.6415942,50.78095569,52.95750759
1088,290415347,H,M,M,M,64.65433791,54.27783007,48.27329921,59.38234025
1089,291521274,H,M,L,M,70.37089359,47.81168525,44.7492925,62.06731796
1090,129938485,H,M,L,H,60.47030908,50.8923907,45.25372749,67.76456591
1091,23461592,M,M,M,L,51.27356872,58.48017935,49.66173773,57.16356485
1092,266090016,M,M,M,M,47.69185429,43.10381344,48.32718294,61.68516725
1093,201402217,M,M,H,M,52.17965259,56.99025342,53.3126287,54.40731488
1094,146662421,H,M,L,H,64.6268168,47.4708265,44.36306282,66.01062637
1095,192800009,L,H,H,L,40.01793333,91.22347145,57.23382857,51.85591222
1096,127560704,M,H,M,M,52.89370586,77.27375664,50.57584134,58.84809976
1097,15422060,M,M,M,M,54.64869856,62.73509104,50.31504004,59.57682068
1098,334639017,H,M,L,H,65.75322443,48.35690417,44.83357479,72.88661003
1099,95171713,H,L,L,H,61.17945446,37.43275887,43.63120783,65.00912577
1100,259743284,H,L,L,M,70.1739621,40.88682407,45.0162081,62.20017923
1101,123300592,H,M,M,H,58.50388632,47.74693885,46.56239157,65.80154301
1102,123613844,H,H,M,M,59.50444719,74.80393773,50.99911105,54.65606494
1103,262460750,M,M,M,M,50.79002852,57.90983149,52.60954394,57.29804207
1104,129677989,M,H,H,M,43.62772776,80.87584916,53.867042,57.64038583
1105,119496248,H,M,M,M,58.24602425,51.88303895,47.63438533,60.83360481
1106,192798410,M,M,H,H,54.95287523,53.35682475,56.58603731,67.03323706
1107,201424596,M,M,L,H,52.86774851,46.88674579,46.49459129,70.73671231
1108,248441463,H,M,L,M,70.45552435,57.98592982,46.39015948,58.9867467
1109,98685920,M,M,M,H,57.49420422,58.6712436,48.50168811,68.26517835
1110,92422918,L,H,H,L,39.71913408,100,55.58536753,55.46610271
1111,2715888,M,M,H,M,50.4760232,65.73196605,53.38971678,59.19116909
1112,291511244,H,L,L,H,63.1213991,45.24716856,45.20095315,71.31497688
1113,246393117,H,M,L,H,67.02398158,47.32286876,47.65643515,62.14119118
1114,126993307,M,M,M,H,51.07401159,63.11110946,51.0454614,65.19254331
1115,246650171,M,H,H,L,45.30070176,83.80818646,54.99833326,55.20454017
1116,209661898,H,M,M,M,62.75230933,64.99799939,49.89349858,61.57589121
1117,259747509,M,H,H,M,50.76677207,79.86529697,54.48268721,60.76609848
1118,292771463,M,M,M,M,57.40857213,61.84912368,51.04093797,60.54050081
1119,204012242,M,M,M,M,51.25971433,59.41793104,51.69943565,57.93576729
1120,128066127,M,H,H,M,47.85284421,78.54602927,56.83127469,59.64443273
1121,202792488,H,M,L,M,63.04547461,53.56384808,44.39527015,62.61460519
1122,271437809,H,M,L,H,69.45066543,56.07394474,47.48183739,63.91693369
1123,180091032,H,M,L,H,62.24092678,47.75769116,46.9031263,67.12361275
1124,97204968,M,H,H,L,46.79794789,80.42079284,53.24074524,55.51137055
1125,156188308,H,M,L,H,63.29986221,46.71840982,43.37219418,68.36428451
1126,102215954,L,M,H,M,41.57405073,64.5618597,56.58821683,63.29205808
1127,137345928,M,M,L,H,52.34292855,48.84702443,46.9827508,62.96151719
1128,146617502,H,M,L,M,59.62294434,54.70344023,46.23972266,59.55076674
1129,187030625,L,H,M,M,46.09231758,90.73685729,48.16791492,58.1159288
1130,148225514,H,M,L,M,64.74486139,59.29517114,46.8067134,55.83628334
1131,89231111,H,M,M,H,59.76441358,51.73389906,46.93501967,66.14283835
1132,215547576,M,M,M,M,54.26091562,52.46286677,48.62238786,61.79807071
1133,317404434,H,M,L,H,57.45973693,68.83905653,45.53024879,60.7290921
1134,324182797,M,L,M,H,54.69425551,30.74211105,46.03535401,72.35081085
1135,242843286,M,M,M,H,59.0404116,55.30088402,48.13829666,66.6567729
1136,298506732,M,M,M,H,54.57491544,43.03782327,47.24992889,66.73768727
1137,148021045,H,L,L,H,60.34480303,43.73330361,44.84258338,67.26364791
1138,209964619,H,M,M,H,58.45970761,51.2433908,50.59486682,65.48498323
1139,166401458,M,M,M,M,55.62049218,57.36073208,49.29505123,61.80975471
1140,15504528,H,M,M,H,57.52424989,61.65666217,49.67031303,65.6449771
1141,330765567,M,H,M,M,47.2005624,78.15425506,56.70060111,58.63847998
1142,127014346,M,L,M,H,54.47163888,42.49629116,47.12716331,71.53386559
1143,221726793,H,M,M,M,77.77615044,48.7154982,47.4228665,61.10056345
1144,1602900177,M,H,M,M,46.33050327,94.61438127,52.88010138,56.09017159
1145,118256266,H,M,M,H,59.6271218,55.09938735,48.95133055,63.61943204
1146,239791965,M,M,M,M,55.83089845,72.98749324,47.07805904,56.64268013
1147,244939214,H,L,L,H,65.5321827,37.40102303,45.23324028,72.81678278
1148,173279503,M,H,M,M,45.12824366,75.83626973,52.49038585,59.87557822
1149,61265250,L,H,H,M,42.88820777,84.2445458,55.96674565,55.67009364
1150,75830477,L,H,H,M,45.35756615,82.65606516,56.19007518,58.76452738
1151,149358978,M,H,M,M,59.52487704,80.51138046,50.85938782,56.78443771
1152,129462039,L,M,M,M,43.85290082,61.74733974,51.10534172,54.74533296
1153,146803470,M,M,M,M,56.79990443,65.93396318,53.67623439,60.87957736
1154,17392793,M,M,M,M,54.47278237,55.85360724,52.83518377,63.73125123
1155,195050879,L,H,H,L,26.14279744,89.14417124,62.91368339,50.98740297
1156,186755222,H,M,M,M,65.87730525,52.91146581,49.72170876,60.6286713
1157,94943371,M,M,M,M,52.58002131,59.70356459,52.6342388,60.646013
1158,244373580,H,M,L,H,63.83724267,45.35531643,43.06031251,70.93372841
1159,77252100,M,M,M,M,52.92277076,63.80726067,48.84005098,58.55844701
1160,108722305,H,M,L,H,62.67453938,47.95186819,47.5480204,66.64450645
1161,149387859,H,M,L,H,64.45044395,52.39158152,46.04406121,66.50913359
1162,329906174,M,L,M,M,58.97997163,28.36687947,48.75423703,59.27552784
1163,270488234,H,M,M,M,71.75599851,53.91201467,51.98559453,60.76487582
1164,146807194,H,M,L,M,56.84283589,68.9475635,46.40525161,58.52697087
1165,146949994,M,M,M,M,57.27918545,63.87695613,48.42390168,59.92789381
1166,308559012,M,M,H,L,45.81180282,73.16822704,54.77451328,55.83886099
1167,221721450,M,M,M,L,57.8915209,54.19733478,49.22945629,52.57085401
1168,274901989,L,M,M,M,42.19299154,59.68092195,50.35733307,63.28143924
1169,229011551,M,L,L,M,54.48446366,37.21464606,49.06834172,60.73959492
1170,129385055,M,M,M,M,53.48997485,55.63983484,46.45660515,57.45724418
1171,264116506,H,M,L,H,69.32372083,49.26989628,43.36942295,67.91806154
1172,143175549,M,H,M,L,48.33994792,74.71159764,54.7917493,50.42755214
1173,98219836,H,M,L,M,61.24748044,48.87172888,42.48353949,61.71135256
1174,65214404,H,M,L,H,60.95635269,54.69070447,44.82636353,69.44339762
1175,94759913,M,M,L,M,55.45426425,56.6899648,47.90489116,59.58849048
1176,134503513,H,M,M,H,60.68854156,61.10773531,48.16762347,67.21133878
1177,148856282,H,M,L,H,63.69241517,47.27150796,45.54086051,64.62602726
1178,98097152,H,H,L,M,62.31192043,68.93000317,46.88669988,58.56693435
1179,148379946,H,M,L,H,61.94813826,51.56531409,44.3327305,66.97690846
1180,229545477,M,M,M,M,52.88180802,61.20552218,51.50865651,57.95276281
1181,127263729,M,M,M,H,53.29579782,66.22054,51.30863059,63.90287829
1182,95998099,H,H,M,M,58.54606316,72.6561967,48.47329817,56.35896123
1183,105358913,M,M,M,M,59.90437914,62.13384022,46.48108774,54.86714882
1184,1314000209,M,L,M,H,54.08026632,43.21082726,51.12745576,67.07348067
1185,1285900022,M,H,M,H,52.61224173,78.98602048,51.18571512,65.01394316
1186,243415805,M,M,M,M,51.57794955,70.27713686,52.53842973,56.39618992
1187,92732524,L,H,H,L,35.48681073,86.28572748,55.37738577,52.29614895
1188,118180688,M,M,L,H,55.56375831,53.10838501,46.25185711,65.89599043
1189,224333740,M,M,M,H,55.26483652,73.24717917,50.68161594,62.11783167
1190,235640267,H,M,L,H,61.39167253,54.94099619,47.17585212,68.42525457
1191,338943272,H,L,M,M,66.42372199,36.64613782,51.1277119,59.51700595
1192,84524527,M,H,H,M,44.97278509,87.61399206,56.32656278,57.08974348
1193,111608346,M,M,H,M,50.16910258,59.74426057,55.81754113,61.92804331
1194,243133267,H,L,L,H,61.04738957,44.02447614,44.47562136,70.99268477
1195,94186954,M,M,M,M,53.15007617,47.37350645,48.64026831,58.70640393
1196,93569215,M,H,M,L,49.6562002,77.74522269,53.04546112,54.59581339
1197,123212424,M,H,M,H,49.78055447,77.96443866,51.46656063,63.92732751
1198,147834651,H,M,L,H,60.77610901,51.04865708,45.21255714,72.38982555
1199,172008407,H,L,L,H,64.18648026,42.02055127,45.16840658,70.47332863
1200,50414378,H,M,M,M,57.77944204,66.41485815,50.04853774,62.82877193
1201,201388932,M,M,M,M,53.49274548,51.11548463,50.36219812,63.31332746
1202,230335363,H,M,M,H,57.9886203,50.9530931,48.54452475,66.42115926
1203,147074641,H,M,L,M,56.99804942,63.3409892,46.63071535,57.1350339
1204,179032635,M,L,L,H,54.45127817,46.67695447,44.64109366,66.16807254
1205,330763330,M,M,M,M,54.70084332,68.37749906,48.64097636,58.09706092
1206,296518649,M,L,L,M,50.87725035,47.33135648,45.45383969,58.55420522
1207,292236289,M,H,H,H,48.65665463,68.74486663,53.12657256,62.98172209
1208,108747864,M,M,M,M,50.43262799,67.84229806,50.29646362,59.7848753
1209,89116312,H,L,L,H,60.95711269,46.99645611,45.78953483,67.69784908
1210,272789640,M,M,M,M,51.86849553,73.55115742,54.57800258,59.98612242
1211,125070079,M,H,M,M,51.05593979,79.61114158,51.25300368,61.34089897
1212,161591498,H,M,L,M,62.02298374,49.21458749,46.16497242,57.92587461
1213,104962874,M,L,L,H,56.65136297,45.45953569,45.4792766,63.35404423
1214,125108039,M,M,H,M,50.24526898,65.78095507,54.80832731,63.11551737
1215,238487895,H,M,M,M,59.85851272,66.47872009,50.55615439,59.18439544
1216,106066662,M,M,L,H,54.48934969,48.98238162,47.65720999,69.35812862
1217,325074834,M,H,M,M,49.0045603,85.19061191,47.21429451,54.4347477
1218,123803558,M,M,H,M,48.01365278,58.6997892,54.04429613,57.48474386
1219,83412923,H,M,L,M,60.22468219,62.99502241,50.08119243,57.69828951
1220,148334983,M,M,L,M,54.86175862,61.17229716,47.49648611,57.4827035
1221,97753259,H,M,L,H,64.22897342,47.89916315,46.15293249,64.09621072
1222,216527342,M,M,M,M,53.72632107,60.50489428,52.52782352,62.02517975
1223,90143381,H,M,L,M,64.29477841,49.50628151,44.95317,65.90409806
1224,120662542,H,M,L,M,64.39749963,55.17077489,45.459484,64.57699019
1225,246121469,M,L,L,H,58.57944137,39.1165113,43.68990097,67.09943219
1226,291076707,L,H,H,L,37.44914095,92.34678655,56.87759677,54.2547362
1227,128767468,H,M,L,H,62.54267222,50.30897027,44.26092688,64.89571451
1228,146613991,H,M,L,H,63.77873561,53.34979468,47.42394056,70.93541245
1229,146913527,H,M,M,H,62.42785065,56.6621691,47.68226421,63.99769922
1230,146750875,M,M,M,M,49.89891164,57.27051078,52.42376577,61.90965206
1231,277100703,H,M,L,M,63.30962048,45.14346462,46.9046903,59.22325865
1232,148915097,H,M,M,H,60.01025022,59.6300306,46.78228292,66.31319257
1233,106911018,H,M,M,M,63.92485103,60.16900173,49.97371427,60.4624032
1234,147165959,L,H,H,M,41.76498023,78.32036488,59.48038597,60.26556614
1235,101835823,M,M,M,H,59.13669547,58.1966159,46.93515759,67.25443892
1236,93295417,H,L,M,H,67.27900718,43.61936043,48.14737712,72.59628026
1237,119764579,M,M,M,M,56.65252228,60.84482158,46.74228637,62.48480741
1238,147928719,M,M,M,M,54.30276259,46.52965997,47.05939489,61.32177441
1239,317011513,M,L,M,H,57.97998124,40.44188092,45.26386576,64.147081
1240,251015585,H,M,L,H,65.64823656,58.50024353,47.55041027,77.29972066
1241,146761570,M,M,M,M,53.75494573,57.01520051,51.13784363,59.82022209
1242,149420197,M,M,L,H,56.67211672,48.84999218,47.99771244,69.69313796
